account,symbol,execution_price,size,side,time,start_position,event,closedPnL,leverage
acc_103,BTC,61726.44,4.5277,BUY,2024-08-12 12:20:00,1.766,OPEN,245.63,15
acc_180,ETH,67295.94,3.701,SELL,2024-03-19 17:30:00,1.36,OPEN,495.62,6
acc_93,BNB,32636.35,0.9644,SELL,2024-08-20 15:36:00,-0.982,OPEN,165.65,20
acc_15,ETH,61547.1,3.0727,SELL,2024-06-11 14:45:00,0.778,OPEN,-6.52,9
acc_107,BNB,459.65,2.1832,BUY,2024-09-25 14:16:00,-1.921,OPEN,423.17,5
acc_72,ETH,57414.29,2.8905,SELL,2024-02-12 20:20:00,-0.228,CLOSE,-484.15,20
acc_189,SOL,16080.9,3.693,SELL,2024-08-05 11:21:00,2.931,CLOSE,229.92,2
acc_21,BNB,63618.22,4.0329,BUY,2024-04-06 16:35:00,4.812,CLOSE,388.75,6
acc_103,SOL,178.3,4.2202,SELL,2024-10-23 04:10:00,4.325,OPEN,-438.33,26
acc_122,BTC,38977.1,1.2773,BUY,2024-11-18 08:31:00,4.339,CLOSE,-49.94,18
acc_75,ETH,52988.84,0.1653,BUY,2024-12-11 23:19:00,-0.978,OPEN,-295.28,28
acc_88,BTC,18182.31,3.6991,SELL,2024-10-03 09:23:00,-0.312,OPEN,66.52,29
acc_117,BTC,13599.99,0.5407,SELL,2024-09-18 17:07:00,2.056,CLOSE,149.54,23
acc_100,BTC,5978.47,1.5814,SELL,2024-03-15 19:50:00,4.222,OPEN,-197.38,19
acc_104,BTC,22917.71,0.029,BUY,2024-04-26 16:03:00,-3.58,CLOSE,-40.02,9
acc_152,ETH,39233.12,3.4115,BUY,2024-06-10 16:41:00,-1.958,CLOSE,-220.66,27
acc_131,BTC,8197.49,0.844,BUY,2024-09-25 12:50:00,-3.608,OPEN,-130.61,21
acc_150,ETH,26431.01,3.2799,SELL,2024-11-13 16:42:00,1.12,CLOSE,-340.46,24
acc_53,ETH,734.16,4.9588,SELL,2024-03-06 16:09:00,-1.937,CLOSE,385.56,27
acc_2,SOL,57325.69,0.3726,SELL,2024-11-16 06:23:00,-1.739,CLOSE,-489.99,6
acc_88,BNB,9078.57,0.3946,SELL,2024-08-29 12:52:00,-4.291,CLOSE,382.41,14
acc_158,BNB,19905.67,1.7085,BUY,2024-07-31 01:45:00,-1.502,OPEN,71.68,28
acc_38,ETH,1388.1,4.3333,BUY,2024-03-10 09:20:00,3.625,CLOSE,-168.34,26
acc_130,SOL,30313.63,1.0855,BUY,2024-01-20 06:42:00,-2.669,CLOSE,223.06,24
acc_192,ETH,58824.49,1.8083,BUY,2024-07-16 09:12:00,1.952,CLOSE,7.75,29
acc_188,ETH,27511.37,0.3518,SELL,2024-08-14 05:17:00,1.296,OPEN,-0.89,13
acc_21,ETH,12646.86,3.8181,SELL,2024-03-14 04:30:00,3.635,CLOSE,-389.86,11
acc_161,SOL,52783.55,2.0474,SELL,2024-07-12 05:08:00,-3.677,OPEN,-110.48,12
acc_58,BNB,55237.61,3.7987,BUY,2024-10-24 09:26:00,4.776,CLOSE,-258.94,19
acc_22,SOL,12245.37,4.519,BUY,2024-10-16 22:52:00,0.826,CLOSE,-484.3,19
acc_89,BTC,53982.7,1.1715,SELL,2024-11-17 23:57:00,4.955,CLOSE,-139.9,21
acc_49,SOL,66316.12,4.0389,SELL,2024-05-07 01:02:00,4.115,OPEN,-410.18,27
acc_59,SOL,11729.79,0.3049,BUY,2024-04-20 10:24:00,-2.785,OPEN,-243.17,26
acc_170,SOL,53991.8,4.4952,SELL,2024-09-17 05:13:00,-4.438,OPEN,-407.48,19
acc_188,SOL,49629.18,3.2573,BUY,2024-05-29 16:36:00,-2.444,OPEN,-399.06,24
acc_15,BNB,33202.81,4.3724,BUY,2024-01-31 09:34:00,0.276,OPEN,-300.99,26
acc_190,BTC,4148.64,0.0109,BUY,2024-04-08 04:40:00,-3.284,OPEN,499.85,13
acc_190,BNB,5321.14,0.8537,SELL,2024-05-25 08:11:00,-3.325,CLOSE,-497.82,28
acc_175,BNB,59683.78,1.9549,SELL,2024-04-11 13:38:00,-0.374,OPEN,138.67,14
acc_190,SOL,69311.37,1.9037,BUY,2024-04-25 08:22:00,-4.667,CLOSE,-358.76,24
acc_51,ETH,47356.05,1.1414,SELL,2024-04-12 00:07:00,-3.781,OPEN,420.63,18
acc_108,ETH,31272.49,1.9142,BUY,2024-01-15 09:49:00,-0.841,OPEN,-406.37,12
acc_55,BNB,45365.4,0.653,BUY,2024-08-09 05:07:00,-4.369,OPEN,455.06,4
acc_64,BNB,41648.27,2.0697,BUY,2024-07-26 09:26:00,-1.032,CLOSE,110.93,10
acc_131,SOL,26914.5,4.0137,BUY,2024-08-14 20:51:00,-0.26,OPEN,-498.73,29
acc_51,BNB,4687.27,2.4006,SELL,2024-03-07 18:34:00,-0.487,OPEN,394.01,17
acc_135,SOL,57523.76,0.0998,BUY,2024-04-12 15:47:00,3.692,CLOSE,21.71,4
acc_21,ETH,26091.16,2.113,BUY,2024-08-03 03:27:00,0.301,CLOSE,-237.33,12
acc_73,ETH,57333.12,0.1456,SELL,2024-07-27 04:53:00,-0.32,CLOSE,267.28,13
acc_167,BTC,17750.36,4.8316,BUY,2024-06-24 19:25:00,-0.893,CLOSE,426.67,29
acc_18,ETH,171.96,0.646,BUY,2024-05-01 16:06:00,3.176,OPEN,-16.31,27
acc_132,BNB,11209.79,3.5414,SELL,2024-11-12 23:45:00,3.951,CLOSE,-184.45,29
acc_89,ETH,32850.91,4.8642,SELL,2024-04-27 23:25:00,3.532,OPEN,288.95,4
acc_60,SOL,66106.82,4.1319,SELL,2024-06-07 04:49:00,1.735,OPEN,181.79,10
acc_14,ETH,7243.33,3.4996,BUY,2024-08-23 10:56:00,-3.626,CLOSE,388.75,25
acc_9,BTC,59809.26,4.1989,SELL,2024-07-07 13:10:00,-2.231,OPEN,192.51,3
acc_90,ETH,36938.98,4.9092,SELL,2024-04-30 10:42:00,-4.539,CLOSE,-256.47,15
acc_53,SOL,57831.86,3.1105,BUY,2024-05-31 06:22:00,4.308,OPEN,431.66,2
acc_130,SOL,20956.37,2.8003,BUY,2024-10-02 20:40:00,1.608,CLOSE,-395.16,25
acc_84,BNB,58812.31,3.1449,BUY,2024-04-06 13:44:00,2.464,CLOSE,-232.06,25
acc_92,ETH,54120.31,2.6681,BUY,2024-02-19 09:27:00,-1.884,CLOSE,20.19,17
acc_111,SOL,16180.75,3.1791,BUY,2024-04-18 17:41:00,3.457,CLOSE,65.74,6
acc_188,BTC,9280.33,2.2547,SELL,2024-10-21 23:27:00,-2.404,CLOSE,-484.69,26
acc_199,BNB,60777.0,1.1,SELL,2024-01-31 21:34:00,-4.984,CLOSE,280.57,8
acc_172,BTC,67430.24,0.61,SELL,2024-12-10 08:08:00,-1.236,OPEN,-138.39,3
acc_8,ETH,2288.03,0.351,BUY,2024-07-06 20:21:00,0.708,OPEN,-93.58,27
acc_175,ETH,51215.78,1.3239,BUY,2024-12-07 23:02:00,-0.213,OPEN,309.37,25
acc_35,ETH,63675.76,0.2402,BUY,2024-11-22 00:58:00,3.621,CLOSE,-120.72,18
acc_81,BNB,60029.47,2.8402,SELL,2024-06-06 05:26:00,-3.946,OPEN,-452.78,22
acc_164,SOL,67519.98,1.4263,SELL,2024-03-09 22:05:00,0.538,CLOSE,-323.56,1
acc_50,BNB,53230.58,4.1244,BUY,2024-02-27 06:02:00,0.13,OPEN,455.9,29
acc_104,BTC,31016.68,0.3805,SELL,2024-03-24 07:54:00,-2.186,OPEN,-429.59,16
acc_132,BNB,21905.44,1.1395,BUY,2024-09-03 13:46:00,3.222,CLOSE,-145.07,7
acc_2,BTC,22519.92,3.6539,SELL,2024-04-04 18:34:00,2.528,OPEN,3.18,3
acc_134,BNB,50737.14,2.9981,SELL,2024-04-28 13:12:00,2.329,OPEN,-6.72,23
acc_54,SOL,52234.01,0.3318,SELL,2024-06-04 19:49:00,3.762,OPEN,-496.04,4
acc_106,BTC,14105.1,4.3874,BUY,2024-11-13 02:16:00,2.228,CLOSE,1.16,9
acc_4,ETH,60781.78,4.3875,SELL,2024-03-06 18:16:00,-2.682,OPEN,-116.23,5
acc_54,ETH,50073.19,1.6587,SELL,2024-01-02 17:53:00,2.056,CLOSE,472.08,19
acc_191,BNB,39436.25,1.7086,BUY,2024-01-21 20:48:00,-1.923,OPEN,-340.84,15
acc_146,ETH,33060.12,4.9453,SELL,2024-11-10 03:43:00,-2.578,OPEN,-145.85,8
acc_44,BTC,38071.97,3.1346,BUY,2024-08-12 19:58:00,-4.27,OPEN,-80.52,6
acc_162,ETH,11231.28,2.6613,BUY,2024-04-04 19:20:00,2.44,OPEN,-109.31,18
acc_190,SOL,14338.72,4.1924,BUY,2024-03-02 12:36:00,2.11,CLOSE,165.83,19
acc_14,SOL,6472.4,1.4336,BUY,2024-04-12 04:13:00,-2.655,OPEN,-284.49,24
acc_95,BNB,10840.7,2.1516,BUY,2024-02-09 20:38:00,2.494,CLOSE,-278.93,15
acc_48,BTC,31813.19,1.3462,SELL,2024-11-22 22:06:00,4.178,CLOSE,229.21,26
acc_15,SOL,37171.77,3.9479,BUY,2024-09-29 07:03:00,-3.92,OPEN,0.29,7
acc_190,SOL,1348.55,2.871,BUY,2024-06-09 13:15:00,-2.674,OPEN,-84.84,10
acc_40,BTC,55796.17,3.2975,BUY,2024-10-27 08:01:00,2.503,CLOSE,-330.8,6
acc_82,ETH,20662.34,1.269,BUY,2024-03-27 14:49:00,-2.255,CLOSE,-312.47,14
acc_111,ETH,63837.34,1.1089,SELL,2024-09-06 00:00:00,1.247,OPEN,-489.45,17
acc_53,BNB,67729.04,2.447,BUY,2024-10-24 06:26:00,-4.188,OPEN,-408.57,9
acc_24,ETH,13063.58,3.6905,SELL,2024-05-03 21:04:00,-0.478,OPEN,56.84,19
acc_154,BTC,32400.6,2.6309,BUY,2024-09-20 00:12:00,2.391,OPEN,391.87,5
acc_188,SOL,186.11,0.1729,SELL,2024-04-12 10:56:00,1.865,OPEN,-212.84,23
acc_124,ETH,41923.08,4.3441,BUY,2024-04-13 18:28:00,3.151,CLOSE,-172.25,7
acc_41,BNB,42550.72,0.3328,BUY,2024-02-07 04:08:00,3.775,OPEN,-384.39,19
acc_157,ETH,17403.04,4.7796,SELL,2024-06-01 19:09:00,2.732,OPEN,-111.37,20
acc_15,BTC,39133.05,0.1355,BUY,2024-09-10 08:55:00,1.716,CLOSE,-462.78,26
acc_45,BNB,15865.26,3.4753,SELL,2024-11-22 11:10:00,-4.683,OPEN,417.6,7
acc_65,ETH,11341.7,0.4202,BUY,2024-07-28 15:38:00,0.35,OPEN,173.11,24
acc_89,BNB,45641.21,4.5543,SELL,2024-10-26 16:47:00,-4.623,CLOSE,490.75,2
acc_71,BTC,22882.19,2.3275,BUY,2024-10-12 14:07:00,3.081,OPEN,382.82,25
acc_9,SOL,41359.45,0.6962,BUY,2024-03-01 04:31:00,-1.793,CLOSE,-27.01,23
acc_88,BTC,30383.95,1.7107,SELL,2024-06-17 16:28:00,0.624,OPEN,19.69,16
acc_129,BTC,68906.16,0.8325,BUY,2024-02-10 14:21:00,-2.206,OPEN,-309.42,13
acc_136,BTC,10555.69,0.8612,BUY,2024-08-24 20:36:00,2.825,OPEN,-37.96,8
acc_63,BTC,32575.44,4.7411,BUY,2024-11-25 19:49:00,3.865,CLOSE,403.03,6
acc_139,SOL,47663.92,2.2318,BUY,2024-02-17 14:24:00,-1.014,CLOSE,-449.15,6
acc_81,SOL,27748.6,3.9461,BUY,2024-09-11 19:41:00,3.629,CLOSE,363.56,9
acc_136,BNB,68231.52,3.2016,BUY,2024-08-07 12:39:00,-2.329,CLOSE,-159.05,4
acc_163,ETH,50559.95,3.3854,SELL,2024-07-21 15:22:00,0.347,OPEN,399.51,27
acc_163,SOL,46023.17,0.6672,SELL,2024-05-15 11:00:00,3.588,CLOSE,440.88,11
acc_33,SOL,53018.44,1.1786,SELL,2024-05-03 07:25:00,-1.741,CLOSE,170.86,5
acc_123,ETH,66690.14,3.9359,BUY,2024-01-16 17:04:00,4.54,CLOSE,164.42,25
acc_5,SOL,63556.52,4.8541,SELL,2024-03-16 15:54:00,-3.781,OPEN,-47.25,17
acc_41,BTC,50727.54,1.3208,BUY,2024-01-06 06:28:00,-4.817,OPEN,335.54,20
acc_28,BTC,52466.4,1.3651,BUY,2024-07-20 21:08:00,4.041,CLOSE,461.61,7
acc_135,ETH,10299.95,2.3698,BUY,2024-02-06 18:06:00,-4.314,CLOSE,275.08,27
acc_72,BNB,7285.19,4.9194,BUY,2024-10-30 03:09:00,4.919,OPEN,121.94,15
acc_12,BNB,40006.22,1.3521,SELL,2024-06-30 15:31:00,4.514,CLOSE,106.79,25
acc_162,ETH,1383.9,2.0408,BUY,2024-08-30 22:44:00,-3.63,CLOSE,349.47,15
acc_33,ETH,33816.71,4.4585,SELL,2024-05-22 15:48:00,0.376,CLOSE,41.2,14
acc_48,BTC,14803.44,0.0246,BUY,2024-07-13 15:29:00,-3.151,CLOSE,303.86,13
acc_151,BNB,24286.56,0.2084,SELL,2024-11-23 07:29:00,-0.718,OPEN,8.89,11
acc_62,SOL,54328.75,3.0243,SELL,2024-01-29 17:27:00,-4.386,OPEN,-437.56,28
acc_37,BTC,65892.5,4.5378,SELL,2024-03-29 04:08:00,-2.761,OPEN,-116.05,13
acc_99,ETH,5161.9,1.2019,SELL,2024-09-27 19:54:00,-1.367,CLOSE,-55.56,26
acc_172,BNB,37443.53,2.3535,SELL,2024-02-04 06:48:00,-0.614,CLOSE,-358.38,22
acc_104,SOL,61789.09,2.2578,SELL,2024-01-27 06:30:00,4.775,OPEN,-397.5,28
acc_35,SOL,5867.35,2.3701,BUY,2024-05-05 12:50:00,3.079,OPEN,35.46,24
acc_193,BTC,57733.53,3.1164,SELL,2024-02-02 00:03:00,2.374,OPEN,-414.86,29
acc_101,BNB,25110.31,2.354,BUY,2024-07-22 03:39:00,0.37,CLOSE,-197.05,9
acc_175,BNB,22614.42,2.2429,SELL,2024-03-19 13:37:00,3.4,OPEN,244.6,10
acc_131,ETH,68424.9,2.3767,BUY,2024-11-07 00:08:00,-1.607,CLOSE,464.43,4
acc_1,BNB,14140.05,2.9584,SELL,2024-09-29 01:10:00,2.089,CLOSE,217.87,17
acc_5,BNB,48554.26,2.6897,SELL,2024-08-30 22:52:00,4.938,OPEN,492.63,14
acc_142,BTC,57518.71,4.2721,BUY,2024-08-02 05:12:00,-1.854,OPEN,198.34,24
acc_103,BNB,2978.73,0.257,SELL,2024-10-26 19:32:00,1.74,CLOSE,-206.21,18
acc_27,SOL,46959.94,4.1683,SELL,2024-03-18 10:51:00,3.443,OPEN,172.05,11
acc_137,BTC,66613.34,4.2212,SELL,2024-10-30 03:54:00,4.158,OPEN,202.16,16
acc_15,BTC,8782.98,1.4317,BUY,2024-10-01 03:06:00,2.179,CLOSE,-128.27,1
acc_90,ETH,62745.87,2.3196,SELL,2024-09-16 18:40:00,-2.164,CLOSE,-482.29,29
acc_42,BNB,41674.89,2.1983,BUY,2024-07-13 21:07:00,-1.737,CLOSE,203.2,7
acc_124,ETH,43200.66,1.1004,SELL,2024-03-26 12:02:00,-4.792,CLOSE,-478.3,28
acc_179,SOL,42944.8,1.99,SELL,2024-05-27 01:33:00,2.609,CLOSE,131.19,10
acc_63,BTC,20988.63,0.2315,BUY,2024-10-02 13:05:00,-4.573,OPEN,-336.38,9
acc_96,BTC,65470.61,1.3963,SELL,2024-01-12 00:49:00,3.647,CLOSE,65.6,27
acc_52,BTC,66319.8,4.0852,SELL,2024-09-28 13:05:00,-3.813,CLOSE,3.91,28
acc_96,SOL,43808.8,1.43,BUY,2024-03-24 08:35:00,-3.281,CLOSE,-486.49,28
acc_132,SOL,54861.25,4.0929,SELL,2024-02-20 02:34:00,-0.235,OPEN,-137.13,25
acc_151,ETH,42896.83,2.6627,BUY,2024-02-10 04:10:00,2.379,CLOSE,101.09,3
acc_143,ETH,33959.45,4.4005,BUY,2024-01-10 11:05:00,-3.61,CLOSE,348.61,22
acc_171,ETH,46291.33,2.8781,BUY,2024-06-30 19:13:00,-0.599,CLOSE,388.64,23
acc_29,BNB,38754.8,0.158,SELL,2024-03-16 18:49:00,-0.171,OPEN,-16.15,14
acc_36,BTC,41863.56,3.3803,BUY,2024-12-09 13:15:00,-2.877,CLOSE,228.42,26
acc_13,BTC,54889.9,0.2338,BUY,2024-07-18 10:58:00,-3.844,CLOSE,-183.55,25
acc_160,ETH,33715.18,2.2585,SELL,2024-02-17 21:02:00,3.364,CLOSE,-157.81,15
acc_71,BTC,2948.71,4.6478,BUY,2024-08-27 03:41:00,0.025,OPEN,-305.54,2
acc_187,ETH,11563.56,0.8344,SELL,2024-11-07 17:11:00,-4.856,OPEN,61.95,24
acc_86,BNB,30758.64,1.9555,SELL,2024-09-15 17:49:00,3.03,OPEN,-185.44,14
acc_28,BNB,50765.38,3.652,SELL,2024-01-27 12:59:00,4.808,OPEN,-415.63,16
acc_66,SOL,41570.18,4.4125,SELL,2024-11-07 01:42:00,1.059,CLOSE,185.01,7
acc_170,BNB,45555.56,3.358,BUY,2024-10-02 16:04:00,0.037,CLOSE,207.75,4
acc_45,ETH,33601.6,1.2983,BUY,2024-02-24 23:11:00,3.784,OPEN,-140.01,18
acc_62,BNB,43140.37,3.3763,BUY,2024-01-18 23:32:00,4.525,OPEN,-423.28,24
acc_185,SOL,23098.32,1.4907,BUY,2024-07-12 12:15:00,2.545,CLOSE,-73.7,27
acc_134,BTC,32965.76,3.595,BUY,2024-02-24 04:17:00,-0.545,CLOSE,-57.66,5
acc_28,ETH,52125.11,4.7706,SELL,2024-10-16 18:55:00,0.922,OPEN,168.67,6
acc_28,BTC,61041.11,3.6098,BUY,2024-05-04 10:07:00,2.009,OPEN,-184.58,27
acc_108,SOL,30412.51,4.3158,BUY,2024-11-12 23:26:00,-3.057,OPEN,182.6,7
acc_44,SOL,3151.95,0.0205,BUY,2024-07-15 10:04:00,-0.528,OPEN,371.49,15
acc_84,SOL,11400.91,3.5907,SELL,2024-03-04 10:16:00,3.298,CLOSE,-262.51,26
acc_30,BTC,1558.19,4.1496,SELL,2024-02-18 11:19:00,1.547,OPEN,478.92,1
acc_190,BTC,45763.09,0.2124,BUY,2024-07-19 03:56:00,-0.888,OPEN,-113.63,24
acc_75,BTC,23328.79,4.3593,SELL,2024-09-21 13:01:00,1.634,CLOSE,-232.74,4
acc_128,BTC,38019.26,1.2909,BUY,2024-09-28 08:32:00,-3.818,CLOSE,-78.49,29
acc_92,SOL,34580.05,3.3298,BUY,2024-04-05 17:58:00,-0.985,CLOSE,-405.6,25
acc_190,SOL,5798.7,4.0038,SELL,2024-03-11 22:03:00,2.931,CLOSE,-374.29,1
acc_129,ETH,28287.97,3.3167,SELL,2024-01-06 19:38:00,-2.795,CLOSE,-85.57,11
acc_121,ETH,15517.22,0.4705,BUY,2024-08-23 19:59:00,-3.14,OPEN,262.44,18
acc_27,BTC,29346.15,2.9856,BUY,2024-01-27 14:04:00,4.508,OPEN,400.31,14
acc_190,BNB,14330.12,2.7524,SELL,2024-05-26 02:20:00,-2.901,OPEN,164.82,22
acc_121,BNB,58847.62,4.5026,BUY,2024-07-27 22:01:00,-2.391,CLOSE,-394.78,11
acc_116,SOL,12276.11,2.0272,SELL,2024-11-21 09:14:00,4.696,OPEN,172.02,10
acc_3,SOL,67258.56,1.6122,BUY,2024-04-18 06:21:00,2.347,CLOSE,135.43,27
acc_103,SOL,29171.92,3.7518,SELL,2024-03-27 17:26:00,1.996,OPEN,305.76,17
acc_198,ETH,59252.55,2.0692,BUY,2024-08-15 03:20:00,3.529,OPEN,325.25,4
acc_155,ETH,44050.66,3.234,BUY,2024-08-03 00:19:00,-3.842,CLOSE,368.2,24
acc_137,SOL,51500.99,3.2358,SELL,2024-04-25 07:34:00,2.06,CLOSE,-85.87,15
acc_62,SOL,53763.9,4.4413,BUY,2024-11-18 06:10:00,0.037,OPEN,197.86,26
acc_165,SOL,35388.66,2.9975,BUY,2024-10-20 08:31:00,3.292,OPEN,-231.75,16
acc_51,BNB,38076.71,2.5157,SELL,2024-03-18 18:31:00,0.081,OPEN,499.34,21
acc_172,ETH,36028.31,0.703,BUY,2024-03-24 00:51:00,1.202,OPEN,-324.67,13
acc_152,BNB,41205.28,0.5875,BUY,2024-06-26 21:10:00,-0.223,OPEN,-489.89,9
acc_59,BNB,2154.67,0.7801,BUY,2024-09-25 14:26:00,-0.218,CLOSE,-351.19,11
acc_118,SOL,27746.51,0.8675,SELL,2024-01-16 07:00:00,2.68,CLOSE,275.87,11
acc_160,SOL,42472.59,3.193,SELL,2024-08-28 17:47:00,1.286,CLOSE,-53.22,6
acc_96,BTC,41880.88,3.7075,SELL,2024-08-13 01:57:00,1.333,CLOSE,-52.5,1
acc_180,BTC,55527.63,2.6547,BUY,2024-03-21 09:00:00,-0.497,OPEN,455.02,22
acc_113,BNB,45885.15,4.1468,BUY,2024-08-24 13:56:00,0.311,OPEN,419.63,6
acc_62,ETH,69450.12,4.9564,BUY,2024-11-22 10:51:00,2.457,CLOSE,-188.81,13
acc_186,SOL,19941.43,4.1019,BUY,2024-01-17 05:52:00,3.259,OPEN,-290.94,22
acc_52,SOL,25204.66,3.4775,SELL,2024-04-20 23:46:00,1.966,CLOSE,348.48,24
acc_12,BNB,26930.92,2.6671,BUY,2024-06-01 03:28:00,4.241,OPEN,406.02,22
acc_39,BTC,32660.32,2.2498,BUY,2024-11-08 05:50:00,3.203,OPEN,41.6,5
acc_130,ETH,58536.26,0.4311,BUY,2024-11-30 02:50:00,0.619,OPEN,129.42,15
acc_131,BTC,16581.87,2.0029,SELL,2024-06-03 04:57:00,1.714,CLOSE,-243.09,27
acc_113,BTC,54342.41,4.5516,BUY,2024-09-17 10:14:00,4.263,CLOSE,300.8,18
acc_101,BTC,28431.18,4.042,BUY,2024-07-03 14:30:00,1.192,CLOSE,132.12,20
acc_113,BTC,42169.69,1.0881,BUY,2024-07-05 17:31:00,3.248,CLOSE,3.51,14
acc_184,SOL,44314.58,2.3384,BUY,2024-04-06 13:29:00,1.888,OPEN,-439.89,15
acc_81,SOL,26162.12,4.0854,BUY,2024-03-16 07:58:00,0.519,OPEN,415.93,26
acc_187,BTC,35931.8,0.3462,SELL,2024-04-10 00:02:00,-2.582,OPEN,115.45,5
acc_113,ETH,28970.88,1.9431,BUY,2024-07-12 04:04:00,-0.74,OPEN,-307.31,26
acc_2,BNB,4932.38,4.2607,BUY,2024-01-11 02:57:00,4.677,CLOSE,106.39,4
acc_130,ETH,30657.86,2.0255,BUY,2024-11-11 00:24:00,1.578,OPEN,177.46,2
acc_54,ETH,6907.8,0.3973,BUY,2024-02-24 06:21:00,0.644,OPEN,25.77,7
acc_87,ETH,28410.95,2.7172,BUY,2024-03-17 10:04:00,4.33,OPEN,218.1,10
acc_129,BTC,41545.0,4.3101,BUY,2024-06-28 22:58:00,0.865,CLOSE,81.45,16
acc_147,SOL,40601.1,2.9555,BUY,2024-09-03 13:37:00,0.261,CLOSE,447.77,10
acc_126,ETH,46417.23,1.1391,BUY,2024-02-03 05:44:00,2.593,CLOSE,-446.3,18
acc_130,BTC,6758.78,1.9274,BUY,2024-04-20 07:27:00,2.127,OPEN,-393.75,17
acc_53,ETH,45683.41,2.2561,BUY,2024-12-02 08:17:00,-3.068,CLOSE,-326.33,21
acc_172,ETH,21919.15,2.9005,SELL,2024-04-01 02:11:00,-0.287,OPEN,190.17,28
acc_160,BTC,27993.31,3.7992,SELL,2024-04-18 16:45:00,-0.275,OPEN,145.6,13
acc_198,SOL,60073.24,0.5034,SELL,2024-10-17 10:49:00,-1.218,OPEN,392.06,1
acc_160,SOL,731.23,4.4494,SELL,2024-01-18 10:27:00,0.173,CLOSE,232.88,1
acc_68,BNB,41230.04,0.0714,BUY,2024-06-10 07:46:00,-0.869,CLOSE,8.36,15
acc_183,BTC,41950.11,1.8566,SELL,2024-05-11 19:28:00,-3.007,OPEN,491.83,1
acc_184,BNB,27826.52,0.1468,SELL,2024-04-19 22:13:00,-0.876,OPEN,-233.89,6
acc_123,BNB,16668.25,1.9709,BUY,2024-04-09 04:49:00,-4.277,CLOSE,333.19,25
acc_145,BNB,16503.72,2.6338,SELL,2024-02-01 17:27:00,0.758,CLOSE,-73.21,26
acc_38,SOL,61871.31,2.5633,SELL,2024-04-19 07:32:00,3.537,CLOSE,148.74,13
acc_24,BTC,30997.5,0.8365,BUY,2024-01-15 22:46:00,2.253,OPEN,227.27,27
acc_69,BNB,23229.17,3.2322,BUY,2024-09-28 04:01:00,-1.396,OPEN,133.75,28
acc_116,BTC,31469.55,0.2334,BUY,2024-05-18 06:33:00,-4.129,OPEN,-359.49,1
acc_98,BTC,46890.39,3.8119,SELL,2024-06-03 03:11:00,-2.979,CLOSE,-57.05,5
acc_198,SOL,10288.38,4.7338,SELL,2024-11-06 06:37:00,0.455,CLOSE,61.44,9
acc_139,BNB,31515.43,1.7054,BUY,2024-08-16 11:47:00,-2.929,CLOSE,349.04,25
acc_144,BNB,41193.12,2.591,BUY,2024-01-03 19:09:00,0.44,OPEN,-56.35,17
acc_97,BTC,66405.98,1.9008,SELL,2024-11-23 11:47:00,-2.684,OPEN,418.75,16
acc_124,ETH,17751.69,0.0435,BUY,2024-03-23 08:12:00,3.489,CLOSE,-59.63,8
acc_187,SOL,25211.63,1.9355,SELL,2024-02-07 08:47:00,-1.027,OPEN,48.78,17
acc_70,SOL,26617.17,3.9607,BUY,2024-09-23 17:04:00,-2.544,CLOSE,296.29,15
acc_93,SOL,42427.12,2.984,BUY,2024-06-22 18:38:00,3.123,OPEN,83.07,24
acc_3,SOL,25035.57,0.5153,SELL,2024-05-30 14:45:00,-1.572,CLOSE,460.22,1
acc_148,BNB,37392.48,4.2372,BUY,2024-03-27 15:11:00,-3.885,OPEN,160.34,12
acc_187,BNB,54747.14,2.6601,BUY,2024-07-09 02:15:00,0.704,OPEN,22.71,5
acc_164,ETH,49406.45,4.2102,BUY,2024-04-05 06:32:00,0.816,CLOSE,-476.41,24
acc_147,SOL,31301.17,2.9053,SELL,2024-11-09 01:11:00,2.147,CLOSE,-86.27,6
acc_90,SOL,60508.71,2.8028,BUY,2024-03-15 17:22:00,-2.598,CLOSE,-200.75,25
acc_195,BTC,39114.0,0.5352,BUY,2024-11-03 01:37:00,-0.562,CLOSE,248.11,1
acc_147,BNB,37839.42,0.8451,BUY,2024-07-13 05:42:00,-2.176,CLOSE,-291.72,25
acc_148,SOL,2489.72,4.8604,BUY,2024-10-14 16:04:00,-4.19,OPEN,-294.78,1
acc_96,ETH,69069.84,1.1501,BUY,2024-09-04 12:22:00,3.766,CLOSE,-310.48,10
acc_199,ETH,8695.66,4.8875,BUY,2024-08-29 21:47:00,2.289,CLOSE,-374.38,10
acc_52,BNB,16256.05,2.6642,SELL,2024-04-22 14:52:00,-1.985,CLOSE,-188.99,3
acc_161,ETH,3713.61,0.6876,SELL,2024-03-22 05:08:00,0.994,OPEN,385.92,17
acc_168,ETH,44836.21,0.5055,BUY,2024-03-14 05:23:00,-2.987,CLOSE,274.93,19
acc_128,BNB,15806.61,1.0522,SELL,2024-10-24 15:15:00,3.902,CLOSE,235.25,28
acc_39,SOL,12682.73,4.6289,SELL,2024-10-11 20:53:00,-3.851,CLOSE,297.34,11
acc_82,SOL,6290.04,2.0766,BUY,2024-06-01 23:26:00,-4.962,OPEN,-230.58,29
acc_104,ETH,7321.3,1.9832,SELL,2024-02-15 23:22:00,0.02,OPEN,387.44,18
acc_129,ETH,40968.48,1.5729,SELL,2024-05-12 17:26:00,0.831,CLOSE,-362.7,2
acc_11,SOL,48205.73,0.7438,SELL,2024-08-03 01:11:00,0.79,OPEN,-163.65,9
acc_185,BNB,27876.79,2.4444,SELL,2024-06-06 18:41:00,-4.455,CLOSE,86.75,24
acc_178,ETH,33644.81,0.6589,SELL,2024-09-27 21:34:00,-1.86,OPEN,-397.09,17
acc_151,BTC,48049.14,4.179,SELL,2024-12-12 09:31:00,-0.008,CLOSE,230.13,28
acc_159,BNB,1314.85,1.8583,SELL,2024-03-07 08:46:00,-2.834,OPEN,-112.75,14
acc_42,ETH,22686.83,1.8803,SELL,2024-06-08 14:25:00,3.726,CLOSE,284.41,4
acc_99,ETH,68119.53,2.3753,BUY,2024-05-29 15:31:00,-4.129,CLOSE,-7.1,29
acc_7,BTC,40649.84,2.2262,BUY,2024-04-15 17:26:00,-0.126,OPEN,-319.13,17
acc_144,BTC,17870.3,4.9743,SELL,2024-03-09 18:47:00,1.914,CLOSE,234.76,17
acc_90,SOL,36568.93,2.7315,SELL,2024-01-23 19:26:00,-2.382,CLOSE,-247.86,12
acc_112,BNB,24051.48,0.4501,BUY,2024-11-04 00:39:00,1.242,CLOSE,-9.19,28
acc_60,BNB,37303.92,3.0383,SELL,2024-05-25 18:44:00,3.294,CLOSE,-424.47,20
acc_113,SOL,8889.33,0.7664,SELL,2024-06-21 12:47:00,-3.097,OPEN,117.87,18
acc_2,BNB,9376.75,0.1644,BUY,2024-11-14 09:11:00,4.172,CLOSE,165.86,3
acc_129,BNB,10133.61,4.854,BUY,2024-09-26 13:05:00,0.536,OPEN,-121.33,11
acc_48,BNB,65793.4,3.87,BUY,2024-02-15 07:30:00,-2.008,OPEN,454.42,25
acc_140,BNB,51329.63,4.9007,SELL,2024-07-15 07:49:00,-0.691,OPEN,374.17,18
acc_197,BNB,11450.49,2.3946,SELL,2024-06-02 13:26:00,-1.878,OPEN,207.94,4
acc_37,BTC,13265.6,2.666,BUY,2024-10-03 19:25:00,2.251,CLOSE,213.65,17
acc_160,BNB,51184.98,0.85,BUY,2024-09-08 11:16:00,2.963,CLOSE,-247.6,18
acc_9,BTC,11015.85,1.2421,SELL,2024-08-27 17:22:00,3.329,OPEN,156.82,5
acc_99,BNB,16495.83,4.1944,BUY,2024-04-28 05:52:00,4.858,CLOSE,-301.79,14
acc_147,SOL,67437.94,1.7874,SELL,2024-10-06 12:01:00,2.913,OPEN,-356.0,10
acc_48,ETH,17945.93,4.1358,SELL,2024-01-19 04:35:00,1.014,CLOSE,499.47,15
acc_131,BTC,46348.1,3.548,BUY,2024-02-25 10:12:00,-1.608,CLOSE,122.38,1
acc_148,BNB,68506.33,0.8941,BUY,2024-04-26 12:51:00,0.446,CLOSE,-69.01,16
acc_152,SOL,26263.34,2.5422,SELL,2024-01-27 16:03:00,-4.589,OPEN,-211.84,11
acc_54,ETH,1324.37,3.3902,BUY,2024-03-22 14:17:00,2.448,OPEN,103.92,23
acc_120,BTC,17165.9,1.1828,BUY,2024-10-15 05:55:00,-0.54,CLOSE,-450.41,20
acc_161,ETH,58178.32,4.1551,BUY,2024-11-25 06:05:00,-4.8,OPEN,-405.32,6
acc_152,SOL,60536.16,2.7287,BUY,2024-04-15 18:21:00,-4.375,OPEN,-467.14,24
acc_116,BTC,53819.5,0.8346,SELL,2024-04-01 20:17:00,-1.125,CLOSE,-0.83,29
acc_75,ETH,8006.38,2.9191,SELL,2024-04-07 04:26:00,0.834,OPEN,100.61,22
acc_113,BNB,55706.17,4.9986,SELL,2024-04-06 10:19:00,-0.358,CLOSE,-437.52,16
acc_164,BTC,64315.58,0.7611,SELL,2024-01-13 11:25:00,1.192,CLOSE,221.22,2
acc_166,ETH,42082.61,4.0856,BUY,2024-11-17 20:18:00,-0.197,CLOSE,-269.6,1
acc_104,SOL,65867.19,1.0445,BUY,2024-03-15 04:49:00,1.617,OPEN,185.2,24
acc_84,SOL,57896.04,3.9141,SELL,2024-05-25 20:02:00,-2.809,CLOSE,481.9,24
acc_112,BTC,46721.31,3.6755,SELL,2024-01-04 08:43:00,-3.872,CLOSE,191.11,9
acc_99,ETH,40445.25,1.5094,BUY,2024-10-24 21:37:00,0.964,OPEN,383.19,22
acc_153,BTC,24465.3,1.6359,SELL,2024-09-10 20:58:00,-0.153,OPEN,448.2,12
acc_93,BTC,11234.19,3.9647,SELL,2024-11-24 17:38:00,-4.731,OPEN,-13.25,17
acc_146,ETH,42386.28,2.3126,BUY,2024-09-28 09:27:00,-1.195,OPEN,202.32,25
acc_128,ETH,22336.0,3.6568,SELL,2024-04-18 22:13:00,-3.939,CLOSE,351.97,28
acc_110,BNB,60664.06,0.7484,BUY,2024-03-27 01:36:00,0.314,OPEN,-143.39,29
acc_82,ETH,69534.25,4.2643,BUY,2024-08-30 06:18:00,-1.042,OPEN,-238.6,15
acc_194,SOL,52694.7,3.5573,SELL,2024-05-06 10:16:00,1.132,OPEN,446.6,19
acc_54,BTC,6424.67,4.5356,BUY,2024-07-15 14:27:00,3.056,OPEN,226.3,27
acc_163,BTC,20279.12,0.6705,SELL,2024-01-03 04:08:00,-2.003,CLOSE,-280.32,22
acc_189,SOL,7726.76,2.9691,BUY,2024-01-22 11:42:00,4.621,OPEN,-50.92,10
acc_169,ETH,45570.76,2.9996,SELL,2024-07-04 21:23:00,0.356,CLOSE,296.45,29
acc_161,SOL,53586.84,1.7738,SELL,2024-07-15 13:15:00,1.183,OPEN,47.06,26
acc_68,SOL,64804.67,2.2977,SELL,2024-09-17 22:06:00,1.807,CLOSE,149.95,27
acc_33,BNB,30728.25,0.1995,BUY,2024-02-15 19:42:00,1.667,CLOSE,253.77,12
acc_142,SOL,63106.16,3.7318,BUY,2024-06-27 04:31:00,0.11,OPEN,122.01,14
acc_21,BTC,61464.59,2.7511,SELL,2024-03-08 12:23:00,-0.712,CLOSE,40.08,9
acc_48,SOL,22271.98,0.2981,BUY,2024-02-02 08:38:00,-4.462,OPEN,249.61,27
acc_148,BTC,60836.15,3.407,SELL,2024-05-22 12:47:00,-4.779,CLOSE,227.56,13
acc_128,BTC,26359.49,2.3392,SELL,2024-02-26 17:08:00,-1.42,CLOSE,129.87,3
acc_136,BTC,20851.16,0.182,BUY,2024-03-18 00:10:00,-1.663,CLOSE,-140.21,21
acc_135,ETH,45470.32,4.8483,SELL,2024-04-20 06:17:00,-1.123,OPEN,-94.19,29
acc_195,BNB,23053.85,4.7461,BUY,2024-03-31 01:34:00,-3.616,CLOSE,470.44,14
acc_145,BTC,44151.59,2.5694,SELL,2024-01-31 09:55:00,2.382,OPEN,-387.61,21
acc_128,BTC,42727.24,0.4774,BUY,2024-02-01 05:18:00,3.57,CLOSE,-231.5,10
acc_33,ETH,39484.38,3.7756,SELL,2024-03-08 02:24:00,4.387,CLOSE,-7.6,16
acc_176,BTC,26691.34,2.4647,SELL,2024-01-18 13:19:00,-0.076,CLOSE,336.73,7
acc_187,SOL,38440.13,1.5192,BUY,2024-08-05 12:28:00,2.009,CLOSE,-336.32,4
acc_115,SOL,41794.33,2.4622,SELL,2024-04-09 18:23:00,3.556,CLOSE,-223.05,27
acc_119,BNB,38243.51,2.617,SELL,2024-04-07 03:12:00,-0.817,CLOSE,-434.2,20
acc_22,BTC,31164.92,2.8179,BUY,2024-04-25 06:39:00,-1.906,OPEN,205.99,23
acc_158,ETH,1125.23,2.2117,SELL,2024-08-18 03:18:00,4.367,OPEN,-261.79,25
acc_38,SOL,41135.61,3.0327,BUY,2024-10-29 07:16:00,0.157,OPEN,-111.33,11
acc_109,ETH,11874.26,4.5945,SELL,2024-09-20 13:43:00,-0.027,CLOSE,-56.3,16
acc_51,ETH,45016.06,1.8177,BUY,2024-09-09 14:44:00,-3.216,OPEN,391.31,20
acc_182,SOL,53178.17,3.6313,SELL,2024-06-17 04:35:00,-3.918,CLOSE,-88.67,4
acc_8,ETH,35081.13,4.4733,SELL,2024-08-28 21:42:00,3.421,OPEN,-354.77,22
acc_27,SOL,38011.22,2.2853,SELL,2024-07-10 22:21:00,1.141,OPEN,24.31,22
acc_27,ETH,66608.35,2.2228,BUY,2024-03-16 02:05:00,-1.742,CLOSE,462.96,23
acc_21,SOL,59317.0,3.0146,BUY,2024-03-13 10:14:00,-3.083,CLOSE,107.69,17
acc_30,BTC,64005.13,2.9611,BUY,2024-04-12 21:56:00,0.555,OPEN,483.39,13
acc_97,BNB,56982.26,4.0349,BUY,2024-11-12 06:01:00,0.839,OPEN,341.11,11
acc_28,SOL,7713.39,2.3877,SELL,2024-07-09 01:47:00,-2.93,OPEN,-464.03,3
acc_111,SOL,10514.53,4.9807,SELL,2024-09-11 19:52:00,3.514,OPEN,158.4,9
acc_192,BNB,36911.0,0.3068,BUY,2024-04-30 07:59:00,-4.157,CLOSE,-213.23,6
acc_197,SOL,17300.27,0.0258,BUY,2024-05-21 13:37:00,-1.439,OPEN,59.62,22
acc_61,SOL,33421.01,3.2046,BUY,2024-02-13 14:22:00,1.804,CLOSE,-220.65,21
acc_48,ETH,27666.14,1.4992,SELL,2024-02-29 11:27:00,-2.259,CLOSE,-151.13,11
acc_147,BNB,38504.06,1.2095,BUY,2024-10-14 06:38:00,3.277,OPEN,423.17,16
acc_4,BTC,52306.61,1.5664,BUY,2024-07-22 01:39:00,2.399,CLOSE,-293.36,19
acc_35,SOL,50112.81,1.2877,SELL,2024-04-27 04:46:00,2.89,OPEN,374.11,27
acc_192,BNB,36534.27,0.1636,SELL,2024-10-05 18:25:00,-3.809,CLOSE,-469.54,5
acc_49,ETH,57585.3,4.8579,BUY,2024-03-26 14:19:00,-3.595,CLOSE,-409.12,14
acc_17,BTC,30217.26,1.1115,SELL,2024-12-04 21:36:00,-2.135,OPEN,354.68,17
acc_172,BNB,62780.33,3.6728,BUY,2024-04-29 17:28:00,0.181,CLOSE,130.56,3
acc_158,BTC,5082.49,3.8154,SELL,2024-04-27 02:55:00,2.48,CLOSE,247.24,4
acc_46,BTC,66830.74,4.647,BUY,2024-04-18 07:15:00,3.365,OPEN,-290.58,16
acc_117,BTC,45863.05,0.1624,BUY,2024-02-12 09:35:00,2.043,CLOSE,37.08,16
acc_6,SOL,26667.21,4.3615,BUY,2024-02-08 14:08:00,4.286,CLOSE,237.22,21
acc_99,SOL,13881.07,2.6409,BUY,2024-08-13 00:52:00,2.387,OPEN,127.31,26
acc_124,ETH,33594.91,3.1664,SELL,2024-10-30 20:39:00,-1.937,OPEN,-28.3,25
acc_37,ETH,13699.63,3.2259,SELL,2024-10-01 11:40:00,-2.349,CLOSE,459.78,4
acc_24,BNB,11726.58,4.1008,SELL,2024-02-18 23:53:00,1.962,CLOSE,176.16,19
acc_93,ETH,43252.89,1.6737,SELL,2024-07-08 10:31:00,-3.071,CLOSE,407.75,26
acc_46,BTC,36663.62,3.6679,BUY,2024-02-06 15:55:00,-4.073,OPEN,229.77,17
acc_181,BTC,46939.71,2.6476,BUY,2024-01-16 17:27:00,0.322,CLOSE,235.46,13
acc_95,SOL,65079.45,3.969,SELL,2024-08-15 21:52:00,3.216,CLOSE,-419.98,26
acc_99,BTC,37304.99,4.9528,SELL,2024-07-04 19:36:00,-3.986,CLOSE,-140.54,22
acc_188,BNB,40707.15,1.0112,SELL,2024-01-29 11:31:00,2.919,CLOSE,358.37,23
acc_116,BTC,6364.88,4.9733,SELL,2024-01-13 03:09:00,3.116,CLOSE,-267.4,26
acc_191,BTC,50262.74,0.4582,SELL,2024-12-09 15:58:00,-0.177,CLOSE,-384.49,24
acc_160,BNB,28053.37,0.0216,BUY,2024-01-11 10:10:00,-4.427,OPEN,-173.89,28
acc_161,ETH,68373.09,0.2304,BUY,2024-06-03 08:24:00,-3.254,OPEN,-279.56,1
acc_67,ETH,57639.86,1.7155,BUY,2024-06-24 05:09:00,2.074,CLOSE,425.29,12
acc_128,BNB,36621.42,3.1682,SELL,2024-02-10 17:20:00,2.118,CLOSE,367.97,4
acc_18,SOL,8713.26,0.3545,SELL,2024-02-28 16:50:00,3.984,OPEN,-0.32,11
acc_25,BTC,60173.16,0.0383,SELL,2024-05-02 03:42:00,0.827,OPEN,-438.66,5
acc_54,BNB,56004.7,4.6861,SELL,2024-09-21 11:17:00,-3.759,OPEN,214.56,2
acc_58,BTC,13002.5,4.1114,BUY,2024-06-25 01:41:00,-3.786,CLOSE,123.41,17
acc_67,SOL,20739.95,4.0478,BUY,2024-08-09 11:50:00,2.211,CLOSE,470.55,8
acc_104,BTC,55559.17,4.4233,SELL,2024-12-08 01:47:00,-3.162,CLOSE,58.95,6
acc_174,BNB,13047.47,3.5032,BUY,2024-09-23 16:02:00,-1.716,CLOSE,-163.61,21
acc_24,BTC,64250.9,0.531,BUY,2024-05-30 19:40:00,-0.128,OPEN,19.02,29
acc_114,ETH,29774.47,2.0015,SELL,2024-06-04 00:20:00,-4.752,OPEN,479.26,9
acc_32,SOL,6184.02,3.6185,SELL,2024-08-02 20:26:00,-2.512,OPEN,196.36,13
acc_175,SOL,57120.83,1.4089,SELL,2024-08-19 00:42:00,-0.921,OPEN,171.98,11
acc_86,SOL,26208.33,3.4402,SELL,2024-06-22 20:35:00,-2.204,CLOSE,-259.32,29
acc_151,BNB,36902.29,0.1322,SELL,2024-08-11 21:50:00,-3.636,CLOSE,243.6,16
acc_194,SOL,7950.07,1.5376,SELL,2024-01-09 04:06:00,2.28,OPEN,250.27,16
acc_127,ETH,280.62,2.7502,BUY,2024-05-29 04:11:00,3.131,OPEN,-182.71,27
acc_155,BNB,44695.17,3.1641,BUY,2024-04-06 20:29:00,-2.425,OPEN,-16.29,2
acc_130,ETH,36110.74,2.8894,SELL,2024-02-14 20:27:00,2.744,OPEN,-205.4,10
acc_17,BTC,41588.35,3.4918,BUY,2024-02-04 13:33:00,-1.144,OPEN,-241.29,12
acc_104,BTC,55582.7,0.0404,SELL,2024-07-28 10:36:00,0.067,CLOSE,-474.1,8
acc_161,BTC,45297.75,0.5137,SELL,2024-06-30 19:20:00,3.56,CLOSE,-214.79,11
acc_137,BTC,12316.66,4.346,SELL,2024-03-29 01:12:00,2.5,OPEN,53.97,10
acc_43,ETH,25318.0,3.4119,SELL,2024-06-12 12:35:00,3.051,OPEN,-498.4,13
acc_176,BNB,63421.79,0.5735,BUY,2024-06-19 21:56:00,-3.632,OPEN,-216.78,25
acc_39,BNB,53919.13,4.212,SELL,2024-03-08 17:04:00,-4.303,CLOSE,381.41,17
acc_170,SOL,39008.93,1.2187,BUY,2024-08-14 10:06:00,3.934,CLOSE,93.65,7
acc_26,ETH,17969.59,2.3965,SELL,2024-09-28 03:39:00,-1.122,CLOSE,107.86,24
acc_99,BTC,21214.03,0.7345,SELL,2024-10-01 19:31:00,-2.121,OPEN,-96.64,3
acc_50,ETH,51263.87,3.5534,SELL,2024-07-28 04:34:00,2.247,CLOSE,176.47,20
acc_153,SOL,59597.08,3.3376,BUY,2024-06-26 15:39:00,3.364,OPEN,-310.07,13
acc_152,SOL,47032.58,1.0635,SELL,2024-01-22 04:23:00,3.625,CLOSE,318.75,19
acc_13,ETH,56686.15,4.3184,SELL,2024-04-09 22:35:00,-1.84,CLOSE,-383.31,7
acc_60,ETH,53689.26,2.0125,SELL,2024-02-02 09:15:00,3.522,CLOSE,156.0,9
acc_135,ETH,10564.31,1.4697,BUY,2024-11-30 15:51:00,-4.591,OPEN,-158.85,19
acc_57,BNB,29733.74,0.7701,BUY,2024-02-16 21:40:00,-4.503,OPEN,247.51,13
acc_36,BTC,10793.57,1.3382,BUY,2024-02-22 16:47:00,1.235,CLOSE,49.76,22
acc_173,ETH,16542.97,0.1199,SELL,2024-11-04 21:08:00,-4.369,OPEN,-47.65,8
acc_20,ETH,60861.25,2.9205,BUY,2024-11-23 18:04:00,-1.754,OPEN,-330.58,22
acc_65,ETH,33155.15,4.2127,SELL,2024-09-22 21:54:00,1.728,OPEN,136.82,18
acc_8,SOL,37521.53,2.7494,BUY,2024-01-02 21:02:00,-1.627,OPEN,474.77,29
acc_144,SOL,12573.37,1.1042,BUY,2024-01-01 11:13:00,-3.204,OPEN,325.6,23
acc_142,BNB,21927.8,0.178,SELL,2024-05-11 06:50:00,-2.186,OPEN,-439.99,2
acc_115,BTC,16194.21,1.081,BUY,2024-02-19 18:57:00,-0.424,OPEN,-123.77,18
acc_143,BNB,14512.41,2.0864,SELL,2024-01-07 09:13:00,-0.246,CLOSE,425.58,18
acc_92,BTC,44693.46,3.8005,SELL,2024-06-10 03:13:00,2.83,OPEN,3.04,11
acc_98,SOL,18056.18,0.9473,BUY,2024-11-23 10:50:00,2.502,OPEN,162.11,1
acc_66,SOL,44277.88,3.6018,SELL,2024-04-22 10:29:00,-0.432,CLOSE,412.6,14
acc_32,SOL,4185.98,4.336,SELL,2024-08-17 13:30:00,3.457,CLOSE,373.79,16
acc_191,BNB,10010.03,2.2752,BUY,2024-08-14 11:17:00,-3.858,CLOSE,1.82,11
acc_86,ETH,19290.36,4.1089,BUY,2024-03-28 04:20:00,-2.446,CLOSE,-62.35,1
acc_51,ETH,41833.58,2.7777,SELL,2024-08-13 20:12:00,3.28,OPEN,-160.31,7
acc_153,SOL,47341.3,3.1891,BUY,2024-03-14 17:26:00,-1.22,CLOSE,219.02,29
acc_186,ETH,31045.92,2.6361,SELL,2024-02-12 08:43:00,4.812,CLOSE,-213.01,16
acc_63,ETH,31260.78,2.3212,SELL,2024-08-31 12:51:00,-0.337,OPEN,-250.11,14
acc_190,BNB,50743.73,1.1809,BUY,2024-02-09 09:20:00,2.919,OPEN,-143.75,15
acc_125,BTC,1205.89,1.5229,BUY,2024-12-12 03:34:00,-0.977,OPEN,-322.78,14
acc_150,SOL,23942.19,1.457,BUY,2024-03-04 16:46:00,-0.75,CLOSE,195.12,28
acc_58,SOL,57327.62,2.8208,BUY,2024-07-25 07:10:00,-1.171,OPEN,116.24,21
acc_58,BNB,42265.04,0.6086,SELL,2024-05-22 20:07:00,2.191,CLOSE,-17.12,11
acc_86,BNB,23672.18,4.5848,SELL,2024-02-13 21:13:00,0.475,OPEN,-109.67,16
acc_49,ETH,63396.18,3.6061,BUY,2024-01-10 16:01:00,4.438,OPEN,409.06,19
acc_180,SOL,54106.33,2.0132,BUY,2024-08-04 05:26:00,-2.491,CLOSE,-470.88,17
acc_170,BTC,18616.19,0.8015,SELL,2024-10-07 02:58:00,-3.994,OPEN,269.11,27
acc_70,BNB,45205.76,4.4111,SELL,2024-10-19 08:47:00,-1.067,OPEN,401.91,26
acc_15,BTC,41742.98,4.1207,SELL,2024-06-16 14:36:00,1.167,OPEN,-53.65,6
acc_54,BTC,28143.04,3.6114,SELL,2024-09-26 22:47:00,3.608,OPEN,50.69,11
acc_188,SOL,25750.23,1.365,BUY,2024-08-21 15:03:00,-1.538,OPEN,444.46,17
acc_101,SOL,24114.88,2.0182,SELL,2024-09-08 11:27:00,1.538,CLOSE,-287.72,9
acc_8,BNB,43239.19,0.5227,SELL,2024-06-20 00:59:00,-1.498,CLOSE,20.13,18
acc_53,SOL,31024.45,0.9533,BUY,2024-08-07 22:25:00,1.172,OPEN,-25.28,17
acc_60,SOL,58247.23,3.9173,SELL,2024-10-06 16:42:00,3.848,CLOSE,-241.61,12
acc_108,SOL,46905.22,3.578,SELL,2024-05-18 03:42:00,-2.686,CLOSE,318.59,23
acc_5,BTC,4988.22,2.9715,BUY,2024-10-06 20:29:00,-0.958,CLOSE,399.6,22
acc_103,BNB,44847.76,4.4797,BUY,2024-07-24 13:28:00,4.933,OPEN,281.93,22
acc_196,ETH,19053.21,2.9205,BUY,2024-02-27 14:30:00,3.686,OPEN,-304.64,5
acc_6,BTC,41537.56,2.3402,SELL,2024-01-09 13:42:00,0.646,OPEN,-413.25,11
acc_109,SOL,47641.22,1.7085,SELL,2024-05-05 22:56:00,0.166,CLOSE,105.44,4
acc_116,BTC,16234.96,4.7028,BUY,2024-07-08 19:48:00,-2.154,CLOSE,-442.91,27
acc_94,SOL,32034.42,0.4228,BUY,2024-10-18 14:30:00,0.172,OPEN,172.83,4
acc_47,SOL,13403.71,4.6551,SELL,2024-02-14 06:22:00,3.482,OPEN,30.42,3
acc_99,BTC,3758.49,4.1353,BUY,2024-10-04 20:23:00,1.852,CLOSE,162.79,26
acc_55,BNB,26555.5,0.6584,BUY,2024-10-26 15:44:00,-2.1,CLOSE,90.17,24
acc_168,SOL,25469.8,2.8293,BUY,2024-02-22 07:43:00,-2.985,OPEN,-77.3,23
acc_52,BNB,69684.09,4.3341,SELL,2024-10-22 16:37:00,-2.348,CLOSE,-299.12,25
acc_144,ETH,31300.03,2.8633,SELL,2024-12-10 06:06:00,-3.302,CLOSE,-194.3,17
acc_13,SOL,23416.51,4.5369,SELL,2024-09-09 08:59:00,-4.044,CLOSE,24.5,7
acc_114,BNB,40675.2,4.7155,SELL,2024-09-29 11:44:00,-0.809,CLOSE,151.87,26
acc_124,BNB,6304.84,2.1177,SELL,2024-12-11 06:47:00,-3.867,CLOSE,279.48,4
acc_106,ETH,67320.43,1.8928,SELL,2024-07-29 05:40:00,-3.281,CLOSE,267.17,23
acc_158,BNB,44483.71,4.6822,BUY,2024-04-16 21:43:00,0.473,CLOSE,472.69,13
acc_147,BNB,52863.16,3.3789,SELL,2024-10-17 19:25:00,-3.354,OPEN,-214.16,12
acc_145,ETH,12016.41,0.589,SELL,2024-08-01 08:42:00,-4.361,OPEN,-428.89,1
acc_120,SOL,28722.5,0.221,BUY,2024-07-20 19:17:00,-1.826,CLOSE,-154.34,21
acc_63,BNB,29645.97,2.8275,SELL,2024-03-29 01:37:00,-2.797,CLOSE,243.29,19
acc_19,BNB,57544.27,4.6516,SELL,2024-09-19 14:47:00,0.153,CLOSE,-61.89,21
acc_92,BNB,186.44,4.2228,BUY,2024-01-29 08:33:00,-3.976,OPEN,317.79,20
acc_58,BTC,21129.63,3.3825,BUY,2024-11-16 22:23:00,2.518,OPEN,49.33,18
acc_183,ETH,68688.42,0.7042,BUY,2024-04-23 03:11:00,4.062,CLOSE,429.79,11
acc_90,BTC,33294.57,1.2786,SELL,2024-02-14 08:47:00,2.434,OPEN,447.86,20
acc_117,ETH,26838.59,4.3788,BUY,2024-06-02 14:23:00,0.328,CLOSE,-430.7,3
acc_62,SOL,8476.05,0.9222,SELL,2024-01-15 17:54:00,3.607,CLOSE,-43.59,29
acc_23,SOL,68194.11,1.3994,SELL,2024-08-25 17:13:00,1.949,CLOSE,109.69,17
acc_127,BNB,1499.84,0.6567,SELL,2024-11-09 10:32:00,-4.894,CLOSE,-244.13,12
acc_137,ETH,51628.9,3.3838,SELL,2024-10-17 17:11:00,-1.059,CLOSE,-92.92,10
acc_140,SOL,53825.13,4.7205,BUY,2024-02-14 05:24:00,3.51,CLOSE,177.68,8
acc_129,ETH,17131.6,1.3522,BUY,2024-02-13 20:15:00,-1.541,CLOSE,-273.27,15
acc_58,SOL,47041.94,2.3823,SELL,2024-10-09 10:37:00,-4.648,OPEN,101.98,5
acc_122,BTC,6595.75,3.1754,BUY,2024-11-16 22:07:00,2.462,CLOSE,197.45,4
acc_1,SOL,18067.6,4.9973,SELL,2024-06-08 22:54:00,3.02,OPEN,-409.5,26
acc_34,BTC,55174.35,0.533,SELL,2024-06-22 06:05:00,-3.394,CLOSE,-2.47,28
acc_96,SOL,60541.56,2.4979,SELL,2024-04-20 12:11:00,0.373,CLOSE,-236.92,21
acc_126,BNB,42633.2,1.9317,BUY,2024-11-06 12:12:00,-3.08,OPEN,224.39,20
acc_118,BTC,35528.01,4.3304,SELL,2024-08-11 22:11:00,2.192,OPEN,-310.44,19
acc_48,SOL,11235.35,2.3851,SELL,2024-04-10 02:05:00,-2.284,CLOSE,392.24,21
acc_89,BNB,4511.32,0.5638,BUY,2024-04-13 17:51:00,-1.838,OPEN,-69.06,4
acc_117,BTC,8323.67,3.1758,BUY,2024-11-05 10:40:00,3.45,CLOSE,-302.0,15
acc_129,BNB,15992.28,3.8562,BUY,2024-01-05 17:37:00,-0.237,CLOSE,-61.98,17
acc_16,ETH,23983.05,0.0244,BUY,2024-04-22 01:23:00,1.698,OPEN,-91.26,12
acc_189,ETH,26725.58,4.2962,SELL,2024-07-11 11:38:00,-0.976,OPEN,-71.08,3
acc_192,BTC,24307.89,0.9383,BUY,2024-02-21 11:08:00,-2.02,OPEN,85.56,10
acc_191,SOL,16809.97,2.7648,SELL,2024-02-01 23:29:00,1.255,OPEN,21.17,15
acc_69,BTC,35729.72,2.0848,BUY,2024-10-10 01:58:00,-3.451,CLOSE,-350.22,10
acc_22,BNB,57787.5,3.6011,BUY,2024-11-06 13:22:00,-1.27,OPEN,-434.42,24
acc_93,SOL,19651.28,1.8621,BUY,2024-10-12 23:23:00,-2.91,OPEN,229.42,23
acc_195,ETH,65972.85,4.3501,BUY,2024-11-08 01:53:00,1.958,OPEN,59.72,18
acc_76,SOL,61146.23,3.6552,BUY,2024-07-11 01:15:00,4.442,OPEN,-141.0,1
acc_154,ETH,11407.32,3.2421,BUY,2024-10-09 00:49:00,4.955,OPEN,308.36,3
acc_144,SOL,55060.69,3.9832,SELL,2024-05-13 08:21:00,-0.497,CLOSE,-111.94,21
acc_179,SOL,40263.66,3.7726,BUY,2024-08-19 08:13:00,-2.475,CLOSE,295.97,26
acc_86,SOL,39703.62,0.1893,BUY,2024-12-09 08:17:00,-0.572,OPEN,-194.24,27
acc_185,BNB,27433.89,1.9797,BUY,2024-03-19 09:03:00,3.473,OPEN,-427.15,12
acc_29,BNB,35130.59,4.6547,BUY,2024-05-15 09:09:00,-2.94,CLOSE,432.64,1
acc_69,BTC,27862.8,0.6374,SELL,2024-06-15 16:23:00,4.521,OPEN,-105.45,3
acc_47,BTC,37827.31,3.6881,BUY,2024-02-17 22:07:00,-1.581,CLOSE,292.69,3
acc_94,ETH,43993.71,4.8732,BUY,2024-01-29 03:19:00,4.858,CLOSE,-220.86,5
acc_190,BNB,47233.84,0.2705,BUY,2024-10-15 02:21:00,3.386,OPEN,146.37,19
acc_197,ETH,37320.44,3.4141,BUY,2024-12-05 03:57:00,3.086,CLOSE,373.31,29
acc_144,BTC,50527.4,2.3461,SELL,2024-05-20 12:42:00,-1.821,OPEN,-458.36,25
acc_176,ETH,9975.34,2.9001,BUY,2024-01-31 10:24:00,-4.912,OPEN,330.64,1
acc_85,BTC,14917.58,0.4359,SELL,2024-01-23 20:25:00,-1.179,CLOSE,71.33,4
acc_39,BNB,57329.58,0.2246,BUY,2024-11-05 11:39:00,-1.982,CLOSE,107.47,29
acc_100,SOL,22644.71,3.3377,SELL,2024-06-10 01:07:00,-4.626,OPEN,23.16,29
acc_33,BNB,1700.28,4.1183,SELL,2024-04-21 02:53:00,0.054,CLOSE,374.48,26
acc_101,ETH,10850.0,3.9123,BUY,2024-06-14 10:30:00,-0.97,OPEN,-456.57,26
acc_23,ETH,15730.65,2.7236,BUY,2024-04-20 12:32:00,1.346,CLOSE,-238.97,4
acc_10,BNB,67016.87,0.5083,SELL,2024-06-18 19:17:00,1.212,CLOSE,375.76,17
acc_69,BNB,40155.6,3.4433,SELL,2024-10-25 10:58:00,-3.793,OPEN,252.35,14
acc_100,BTC,65297.88,1.217,BUY,2024-07-24 15:50:00,4.77,OPEN,-482.35,18
acc_34,ETH,40303.92,4.5562,SELL,2024-08-29 04:46:00,-3.131,OPEN,17.01,27
acc_180,ETH,33606.88,4.1929,SELL,2024-05-06 14:55:00,-0.547,CLOSE,29.57,1
acc_138,BNB,22029.57,3.5498,SELL,2024-09-13 10:12:00,-0.119,OPEN,-99.12,22
acc_147,SOL,42485.33,4.7447,BUY,2024-08-19 11:08:00,3.131,OPEN,-202.61,16
acc_186,ETH,9829.94,0.1668,SELL,2024-02-11 12:20:00,-4.008,CLOSE,181.72,3
acc_96,SOL,62888.49,3.6836,SELL,2024-07-17 20:01:00,-0.714,CLOSE,-292.21,23
acc_1,BNB,58070.34,1.6579,SELL,2024-03-30 03:31:00,1.285,OPEN,298.95,21
acc_69,BNB,22295.45,4.5313,BUY,2024-10-06 04:47:00,-2.848,OPEN,303.04,9
acc_4,BTC,66700.55,1.3407,BUY,2024-05-27 21:28:00,1.275,OPEN,-84.74,23
acc_16,ETH,57781.53,3.627,SELL,2024-12-11 09:02:00,4.237,OPEN,-216.45,4
acc_24,SOL,46674.85,4.3895,BUY,2024-02-02 02:50:00,4.975,CLOSE,-216.12,21
acc_80,BTC,8611.16,0.2179,SELL,2024-09-27 22:53:00,-4.675,CLOSE,-17.71,5
acc_2,ETH,33528.56,1.9943,BUY,2024-08-21 22:10:00,-2.644,OPEN,219.58,11
acc_128,BTC,35476.92,3.8139,BUY,2024-09-23 11:49:00,-1.897,OPEN,-141.13,21
acc_160,BNB,16355.34,2.28,SELL,2024-04-16 18:44:00,-1.009,OPEN,110.04,26
acc_84,ETH,5689.58,1.3436,BUY,2024-06-19 20:27:00,-2.577,CLOSE,-117.52,9
acc_152,BTC,54392.98,1.1068,BUY,2024-10-03 13:34:00,-2.965,OPEN,-195.48,26
acc_140,BTC,8630.25,0.6663,BUY,2024-03-21 17:50:00,4.546,OPEN,-475.14,3
acc_178,SOL,41640.92,4.2871,SELL,2024-03-19 11:36:00,4.185,CLOSE,-496.09,6
acc_163,BTC,65557.8,2.881,BUY,2024-07-10 08:05:00,-4.53,CLOSE,-272.79,24
acc_124,ETH,61339.75,0.3912,BUY,2024-06-30 19:01:00,-1.612,OPEN,-93.59,11
acc_33,ETH,19514.91,1.9191,SELL,2024-04-08 00:11:00,-0.949,OPEN,351.26,9
acc_161,SOL,59616.26,1.845,BUY,2024-04-13 11:57:00,-2.61,CLOSE,298.48,29
acc_189,ETH,123.24,0.9169,BUY,2024-04-06 11:22:00,1.289,OPEN,-232.83,15
acc_179,BNB,1336.38,2.1832,BUY,2024-09-24 21:16:00,1.404,OPEN,-255.46,23
acc_171,ETH,42218.47,1.6672,BUY,2024-08-14 08:30:00,3.505,CLOSE,-272.68,28
acc_101,ETH,25599.4,1.7156,BUY,2024-10-16 00:48:00,2.409,CLOSE,-160.76,3
acc_12,BTC,27113.61,3.6977,SELL,2024-12-04 16:56:00,0.426,CLOSE,-1.8,1
acc_67,BTC,39554.43,1.1241,SELL,2024-06-13 15:22:00,1.536,OPEN,-61.33,20
acc_65,ETH,13505.59,3.2129,BUY,2024-01-24 03:46:00,-2.26,CLOSE,-281.73,29
acc_161,SOL,14901.7,2.8575,BUY,2024-01-17 16:46:00,0.931,CLOSE,-369.55,22
acc_168,BTC,33973.65,2.8448,BUY,2024-04-12 15:52:00,-0.108,OPEN,-487.42,19
acc_74,SOL,52822.32,3.3184,SELL,2024-11-19 19:12:00,-3.667,OPEN,-346.04,14
acc_43,ETH,43402.89,2.7464,SELL,2024-06-30 16:06:00,-2.575,CLOSE,205.36,17
acc_44,ETH,20885.12,4.3975,BUY,2024-04-04 08:53:00,-2.083,CLOSE,-256.36,22
acc_29,BNB,30180.57,3.3811,BUY,2024-05-18 14:23:00,4.243,OPEN,-31.4,14
acc_141,BTC,12029.47,2.7393,SELL,2024-07-26 20:17:00,-2.696,OPEN,91.3,17
acc_12,ETH,5316.62,4.1505,BUY,2024-08-14 17:14:00,-2.108,CLOSE,386.84,25
acc_95,BNB,54810.45,3.0347,SELL,2024-02-23 10:39:00,-1.306,CLOSE,388.86,27
acc_46,BTC,18650.58,1.4628,SELL,2024-12-05 05:55:00,1.637,OPEN,245.73,14
acc_130,ETH,12525.87,1.0434,BUY,2024-07-08 03:46:00,-3.818,CLOSE,-464.84,12
acc_35,ETH,48444.1,0.7701,SELL,2024-02-17 02:44:00,4.539,OPEN,75.07,16
acc_81,BTC,43301.81,4.4983,BUY,2024-11-06 06:57:00,3.656,CLOSE,286.58,1
acc_90,BTC,44359.95,3.5536,BUY,2024-01-26 21:59:00,0.772,OPEN,-482.71,13
acc_8,BTC,16099.73,4.6875,BUY,2024-11-11 04:27:00,1.74,OPEN,49.68,6
acc_93,ETH,16361.92,3.0204,BUY,2024-12-12 00:42:00,-4.833,CLOSE,357.76,17
acc_154,ETH,15534.1,2.3723,BUY,2024-08-31 04:55:00,-1.611,CLOSE,-25.9,12
acc_90,BNB,12245.31,0.308,BUY,2024-09-24 12:23:00,2.957,OPEN,-495.89,23
acc_162,SOL,45935.08,3.3615,SELL,2024-04-27 02:51:00,-4.225,CLOSE,-488.99,19
acc_115,BTC,59376.31,2.9152,SELL,2024-11-22 22:28:00,-2.177,CLOSE,-83.36,6
acc_105,ETH,50729.79,4.9511,SELL,2024-07-02 22:16:00,0.853,CLOSE,-344.99,7
acc_135,ETH,55467.34,1.2034,SELL,2024-09-11 07:14:00,-2.436,OPEN,164.45,1
acc_196,BTC,28395.41,2.6584,BUY,2024-11-16 20:53:00,4.34,CLOSE,208.8,1
acc_58,SOL,45819.9,3.2583,SELL,2024-12-04 14:29:00,-3.689,CLOSE,-322.12,29
acc_114,BTC,24861.11,3.2265,SELL,2024-10-16 07:22:00,2.974,OPEN,388.53,5
acc_75,SOL,36832.77,2.8109,SELL,2024-04-15 05:08:00,0.079,CLOSE,-58.09,6
acc_157,ETH,33766.28,3.8869,BUY,2024-12-01 14:33:00,2.503,CLOSE,-357.15,16
acc_120,SOL,12464.41,1.0329,SELL,2024-08-06 02:19:00,-1.893,OPEN,264.25,25
acc_164,BNB,27156.81,3.6309,BUY,2024-11-19 03:21:00,0.145,OPEN,289.97,16
acc_21,ETH,67471.18,3.1025,SELL,2024-08-22 18:12:00,3.568,CLOSE,139.3,14
acc_164,BNB,17475.76,4.4814,BUY,2024-04-16 16:19:00,-0.331,CLOSE,353.47,1
acc_138,BTC,9452.88,4.2375,BUY,2024-05-08 11:32:00,-1.403,OPEN,237.37,13
acc_101,BTC,29358.79,1.5826,SELL,2024-07-10 03:15:00,0.362,OPEN,382.21,20
acc_152,BTC,55344.61,1.3884,BUY,2024-10-01 07:27:00,2.174,CLOSE,-66.11,10
acc_192,SOL,40792.16,4.9085,BUY,2024-04-20 09:51:00,-0.564,CLOSE,247.6,24
acc_177,ETH,47700.14,2.6411,SELL,2024-07-20 07:05:00,4.389,CLOSE,499.75,10
acc_99,BTC,13359.67,4.533,SELL,2024-04-30 00:12:00,-2.051,OPEN,224.93,9
acc_36,BTC,43364.48,0.8278,SELL,2024-10-10 06:04:00,-0.245,CLOSE,-385.82,13
acc_96,ETH,22712.68,3.2177,BUY,2024-06-11 01:24:00,2.569,OPEN,18.32,3
acc_152,BTC,58417.81,4.0512,BUY,2024-01-27 15:21:00,1.891,OPEN,87.35,27
acc_151,BNB,44087.99,4.7375,BUY,2024-02-27 15:46:00,3.636,OPEN,-325.79,18
acc_190,ETH,14000.05,1.6933,SELL,2024-01-22 05:12:00,4.968,CLOSE,462.89,20
acc_37,ETH,4616.71,3.6277,BUY,2024-06-22 08:51:00,-0.731,CLOSE,-324.42,2
acc_12,ETH,3080.06,2.6987,BUY,2024-02-06 22:08:00,-3.888,CLOSE,-322.44,17
acc_113,BNB,26061.46,0.3125,BUY,2024-02-09 15:09:00,-4.696,OPEN,415.17,28
acc_183,ETH,18682.99,3.4531,BUY,2024-11-22 18:04:00,2.269,CLOSE,-34.79,19
acc_13,BNB,45261.7,3.4536,BUY,2024-10-30 00:07:00,3.74,OPEN,-436.81,23
acc_23,ETH,35003.44,4.6537,BUY,2024-06-05 23:23:00,-2.793,OPEN,98.19,13
acc_99,SOL,18694.75,2.4916,BUY,2024-12-08 07:02:00,-3.416,OPEN,101.83,13
acc_105,BTC,10531.72,1.159,SELL,2024-01-01 01:33:00,-4.378,OPEN,-435.5,1
acc_30,SOL,8991.26,0.2324,SELL,2024-08-01 04:29:00,3.227,OPEN,472.52,2
acc_17,BTC,60539.76,2.0841,SELL,2024-08-02 00:54:00,-1.886,OPEN,44.03,1
acc_113,BNB,17119.11,1.5166,BUY,2024-06-07 20:01:00,-0.983,CLOSE,59.8,24
acc_62,SOL,45654.57,3.8078,BUY,2024-05-17 19:53:00,0.028,OPEN,20.12,5
acc_84,ETH,56766.95,1.7778,SELL,2024-06-07 02:51:00,3.395,CLOSE,110.73,24
acc_112,BTC,43024.28,4.7459,BUY,2024-05-24 02:00:00,1.508,OPEN,-235.7,3
acc_86,BTC,60183.61,4.8119,SELL,2024-09-10 15:26:00,1.151,CLOSE,-212.76,29
acc_141,SOL,27528.32,3.1083,BUY,2024-02-16 23:57:00,-3.243,CLOSE,11.34,28
acc_187,BNB,66939.93,4.644,BUY,2024-03-09 14:59:00,0.132,CLOSE,306.69,7
acc_19,SOL,9406.84,3.8067,SELL,2024-03-03 16:19:00,2.154,CLOSE,-450.14,24
acc_177,BNB,7240.25,2.7388,SELL,2024-04-01 03:15:00,4.733,OPEN,103.4,22
acc_100,BNB,46142.58,0.9097,SELL,2024-07-01 09:09:00,-2.986,OPEN,306.78,13
acc_140,BTC,66003.9,2.2984,SELL,2024-02-08 14:44:00,-4.905,OPEN,-343.08,29
acc_189,SOL,56640.95,2.8088,SELL,2024-10-28 10:44:00,-4.247,OPEN,-484.98,23
acc_147,SOL,5441.54,4.3212,BUY,2024-04-13 06:00:00,-1.241,CLOSE,-187.29,28
acc_76,BNB,19627.8,2.4119,BUY,2024-02-26 10:28:00,3.205,CLOSE,88.14,18
acc_9,SOL,65129.29,4.4894,BUY,2024-08-22 14:10:00,-4.929,CLOSE,-361.72,24
acc_199,ETH,17788.78,3.375,SELL,2024-01-14 05:23:00,-0.433,OPEN,-73.88,21
acc_28,ETH,54703.81,0.6936,SELL,2024-08-03 06:24:00,-1.708,CLOSE,52.32,7
acc_128,SOL,57776.74,4.975,SELL,2024-08-30 10:19:00,-4.475,OPEN,98.88,1
acc_52,SOL,34732.1,2.6409,SELL,2024-03-15 14:58:00,-0.498,CLOSE,-225.59,5
acc_83,BNB,27105.79,1.9654,SELL,2024-01-15 13:42:00,-2.453,CLOSE,-99.97,17
acc_111,ETH,31563.7,3.299,SELL,2024-05-06 06:22:00,-1.481,CLOSE,278.34,28
acc_144,ETH,15964.83,0.5534,BUY,2024-02-04 05:37:00,2.056,CLOSE,441.21,29
acc_117,BTC,62268.43,3.1863,BUY,2024-02-10 10:38:00,0.216,CLOSE,361.88,8
acc_69,BNB,31598.31,2.4962,BUY,2024-03-29 06:50:00,-3.754,OPEN,64.28,15
acc_99,BTC,61783.91,2.0393,BUY,2024-04-12 14:13:00,4.614,CLOSE,-89.71,20
acc_140,ETH,7487.97,4.7656,BUY,2024-07-03 00:25:00,1.359,OPEN,-167.04,4
acc_25,BNB,69180.44,2.6175,SELL,2024-08-23 13:15:00,2.659,OPEN,-375.04,2
acc_180,SOL,31084.79,1.1034,SELL,2024-07-24 19:45:00,-4.208,OPEN,-393.45,5
acc_123,BNB,3443.37,2.3002,SELL,2024-02-21 12:20:00,-4.529,OPEN,188.36,1
acc_53,SOL,2757.73,4.5977,SELL,2024-02-29 18:03:00,-4.806,OPEN,-240.21,25
acc_151,SOL,52259.89,0.8887,SELL,2024-11-01 03:04:00,-3.112,OPEN,-245.34,5
acc_144,BNB,46166.58,1.0776,SELL,2024-07-12 20:56:00,-0.856,OPEN,498.2,6
acc_57,SOL,56168.93,0.075,BUY,2024-10-29 01:28:00,4.358,OPEN,-312.07,2
acc_39,BTC,7465.19,0.0808,SELL,2024-05-09 00:13:00,-0.429,CLOSE,-351.94,26
acc_109,ETH,2586.4,4.1487,SELL,2024-08-01 08:00:00,-2.097,CLOSE,-401.31,26
acc_181,SOL,35649.69,3.6633,SELL,2024-06-30 19:51:00,0.619,OPEN,79.81,1
acc_42,BTC,27192.91,1.7817,SELL,2024-04-20 19:21:00,-3.881,OPEN,127.86,4
acc_186,SOL,32390.09,3.4946,BUY,2024-06-12 03:57:00,1.095,OPEN,-134.77,7
acc_167,ETH,69412.03,1.9821,BUY,2024-06-23 11:25:00,0.684,CLOSE,35.41,22
acc_142,BTC,67955.42,4.765,SELL,2024-03-10 17:05:00,2.92,CLOSE,288.4,26
acc_122,ETH,65967.85,4.8356,BUY,2024-04-19 09:05:00,4.867,OPEN,318.1,1
acc_133,ETH,54890.6,1.97,BUY,2024-10-01 19:04:00,-2.491,OPEN,457.91,1
acc_163,BTC,24903.41,4.2726,SELL,2024-11-13 23:34:00,0.097,CLOSE,324.27,8
acc_75,BTC,28907.95,3.8677,SELL,2024-05-04 22:17:00,4.089,CLOSE,64.84,20
acc_146,BTC,38518.16,1.5569,SELL,2024-04-16 14:06:00,2.852,OPEN,-320.34,16
acc_76,BNB,58154.36,1.1679,SELL,2024-03-08 18:38:00,-0.126,OPEN,-400.24,21
acc_9,BTC,4903.03,2.2966,SELL,2024-08-23 14:05:00,4.454,OPEN,-445.49,13
acc_74,BTC,29758.35,3.9089,BUY,2024-04-22 04:29:00,-4.428,OPEN,166.53,23
acc_186,BTC,5874.97,4.8012,SELL,2024-12-08 23:14:00,4.31,CLOSE,307.54,24
acc_145,BTC,36074.57,3.8203,SELL,2024-04-23 02:02:00,-4.495,CLOSE,8.68,26
acc_7,SOL,62933.17,4.2775,SELL,2024-05-16 20:28:00,0.473,OPEN,-445.29,23
acc_174,BNB,54795.7,3.0193,BUY,2024-07-28 11:47:00,3.904,OPEN,35.47,18
acc_141,ETH,16026.18,4.1787,SELL,2024-10-05 08:42:00,-2.373,OPEN,435.75,20
acc_168,BTC,68321.76,3.9243,SELL,2024-06-12 00:39:00,-0.278,CLOSE,97.61,10
acc_170,SOL,46747.79,1.8912,SELL,2024-05-26 18:08:00,-1.757,OPEN,309.43,12
acc_137,SOL,828.9,2.7644,BUY,2024-12-11 16:58:00,4.521,OPEN,300.15,1
acc_178,SOL,17953.4,4.0257,SELL,2024-01-04 15:26:00,3.236,OPEN,432.13,10
acc_27,ETH,18323.86,0.2398,SELL,2024-11-06 18:52:00,2.09,CLOSE,270.23,9
acc_122,BTC,4940.88,4.0423,SELL,2024-02-21 18:50:00,0.876,OPEN,247.7,3
acc_194,BNB,67191.87,0.8977,BUY,2024-09-29 21:22:00,3.206,CLOSE,-265.9,28
acc_5,BNB,33530.05,2.5783,SELL,2024-08-02 13:25:00,-1.077,OPEN,-440.07,19
acc_29,SOL,62717.44,4.0433,SELL,2024-04-28 16:43:00,-0.524,OPEN,17.6,26
acc_165,ETH,22622.86,1.2766,SELL,2024-10-30 10:17:00,2.3,OPEN,-375.57,9
acc_166,ETH,8853.83,1.2366,BUY,2024-01-05 11:33:00,-1.422,CLOSE,462.2,10
acc_83,ETH,33256.09,2.0198,SELL,2024-03-19 17:05:00,-4.361,OPEN,-210.08,19
acc_136,BNB,8065.57,4.4743,SELL,2024-07-15 20:06:00,-4.257,OPEN,352.94,16
acc_109,SOL,34072.48,0.0122,SELL,2024-05-02 01:31:00,-3.846,CLOSE,-112.38,24
acc_65,BTC,64428.77,4.5079,BUY,2024-07-30 22:28:00,3.697,CLOSE,-176.81,18
acc_86,BNB,36501.69,0.7775,BUY,2024-01-09 08:55:00,-0.278,CLOSE,435.16,14
acc_145,SOL,43193.33,4.9505,SELL,2024-02-10 10:29:00,2.129,OPEN,-136.68,29
acc_71,SOL,11049.03,4.7747,BUY,2024-02-14 03:08:00,-1.071,CLOSE,-109.71,3
acc_45,BTC,3157.12,2.4784,BUY,2024-03-06 17:21:00,-2.413,OPEN,-393.91,2
acc_132,BTC,7845.48,2.5685,BUY,2024-06-08 11:45:00,-1.528,CLOSE,170.45,1
acc_36,BTC,41937.36,2.4129,SELL,2024-09-18 03:44:00,2.942,CLOSE,-211.16,18
acc_70,ETH,6741.32,3.1809,SELL,2024-11-10 10:09:00,1.252,CLOSE,85.6,24
acc_159,BTC,26381.9,0.4627,BUY,2024-10-17 01:26:00,4.376,OPEN,91.35,9
acc_19,SOL,38551.43,0.1728,BUY,2024-03-09 08:43:00,1.797,OPEN,219.2,13
acc_189,BTC,27266.83,0.2979,BUY,2024-06-02 04:15:00,0.702,OPEN,245.24,2
acc_108,SOL,11541.5,2.2274,SELL,2024-03-10 05:45:00,1.102,OPEN,14.45,7
acc_182,BNB,19238.01,1.385,SELL,2024-04-01 19:55:00,4.424,OPEN,-169.01,16
acc_167,ETH,64989.4,3.114,BUY,2024-06-23 20:13:00,2.882,OPEN,337.45,21
acc_91,BNB,47351.16,4.9623,BUY,2024-01-24 15:34:00,-4.76,OPEN,-190.13,19
acc_90,BNB,34773.74,1.9378,BUY,2024-03-16 18:07:00,0.341,OPEN,7.51,25
acc_19,SOL,988.77,2.8735,BUY,2024-11-20 18:49:00,1.883,OPEN,-98.75,15
acc_39,BNB,69469.84,2.0839,SELL,2024-06-10 20:18:00,2.487,CLOSE,355.08,22
acc_126,SOL,47034.7,4.2379,BUY,2024-06-03 15:33:00,-2.869,CLOSE,-68.08,11
acc_195,BTC,22252.88,4.5122,SELL,2024-01-06 01:23:00,3.672,OPEN,-113.9,1
acc_173,BTC,61560.88,4.388,BUY,2024-03-26 21:39:00,4.558,OPEN,189.82,21
acc_141,SOL,18164.37,4.8721,BUY,2024-10-27 19:06:00,-2.633,OPEN,102.44,7
acc_126,BTC,38126.76,0.1473,BUY,2024-02-27 03:54:00,3.826,OPEN,-392.75,20
acc_58,ETH,44561.35,4.2007,BUY,2024-05-24 03:22:00,-4.03,CLOSE,8.17,8
acc_148,BNB,15552.33,3.7613,BUY,2024-01-05 23:25:00,-4.443,CLOSE,235.48,10
acc_61,ETH,68489.97,1.1512,SELL,2024-06-15 02:07:00,-3.708,OPEN,492.07,5
acc_127,BNB,52398.61,4.782,BUY,2024-01-08 07:10:00,-4.423,CLOSE,129.15,9
acc_105,BTC,39091.14,0.7494,BUY,2024-10-11 14:04:00,3.45,CLOSE,-129.71,25
acc_167,ETH,12723.56,3.401,BUY,2024-10-13 09:46:00,-4.409,OPEN,-273.85,25
acc_1,BTC,3864.69,1.1322,SELL,2024-09-30 12:31:00,-2.283,OPEN,372.83,1
acc_131,BNB,22472.18,2.1626,SELL,2024-04-08 09:22:00,-3.962,OPEN,314.57,2
acc_92,SOL,52747.79,3.5986,SELL,2024-10-17 16:58:00,-2.046,OPEN,-266.08,19
acc_190,SOL,18926.26,2.821,SELL,2024-07-07 12:59:00,-4.094,CLOSE,-299.37,14
acc_191,ETH,37814.98,2.1432,BUY,2024-05-09 19:04:00,1.68,OPEN,215.14,20
acc_113,BTC,50983.51,1.6384,BUY,2024-08-05 03:04:00,-3.667,CLOSE,-185.05,10
acc_153,BTC,7645.27,4.1999,BUY,2024-01-05 06:50:00,3.518,OPEN,-193.6,9
acc_56,ETH,48002.33,0.7276,SELL,2024-02-19 15:20:00,3.172,CLOSE,-347.71,10
acc_161,SOL,6521.78,2.1562,BUY,2024-09-14 17:46:00,-4.863,OPEN,-236.02,29
acc_166,BNB,67562.57,4.5198,BUY,2024-03-25 18:40:00,3.957,OPEN,-72.49,6
acc_117,ETH,34238.75,4.2308,SELL,2024-07-26 15:24:00,-4.711,CLOSE,232.84,17
acc_134,BNB,10632.26,2.0107,SELL,2024-05-13 17:11:00,-2.604,CLOSE,-163.69,28
acc_58,SOL,24032.62,3.8179,SELL,2024-10-23 19:22:00,-4.676,CLOSE,-171.4,25
acc_44,BTC,28997.81,4.1176,BUY,2024-11-26 16:47:00,-1.642,OPEN,-215.09,6
acc_173,SOL,53097.13,4.4455,BUY,2024-11-02 19:02:00,0.139,CLOSE,-21.72,4
acc_160,ETH,52065.32,2.7271,SELL,2024-04-03 23:09:00,2.966,CLOSE,-319.36,20
acc_173,BTC,42874.64,1.0303,BUY,2024-03-08 10:01:00,-1.62,CLOSE,-14.37,3
acc_61,ETH,7504.56,1.284,SELL,2024-06-13 17:37:00,2.055,CLOSE,204.18,23
acc_47,ETH,10694.7,1.4855,SELL,2024-01-03 13:07:00,-3.125,CLOSE,-470.21,19
acc_149,SOL,6653.61,2.9731,BUY,2024-01-09 23:04:00,2.506,CLOSE,-490.22,18
acc_80,ETH,40444.38,0.1737,SELL,2024-07-11 02:45:00,-2.64,CLOSE,-424.88,26
acc_118,SOL,61411.98,3.1839,SELL,2024-06-29 17:04:00,-3.565,CLOSE,35.66,24
acc_164,BTC,30422.66,1.8281,SELL,2024-12-11 08:10:00,-3.146,CLOSE,354.46,4
acc_147,SOL,11343.29,1.4833,BUY,2024-03-11 02:00:00,-3.179,OPEN,-495.12,8
acc_20,BTC,39107.16,4.3987,SELL,2024-03-30 14:51:00,0.129,OPEN,436.66,17
acc_185,SOL,56841.48,2.3054,SELL,2024-02-09 10:10:00,3.448,CLOSE,-393.72,5
acc_146,BNB,51945.67,0.4843,SELL,2024-11-14 14:11:00,-4.204,OPEN,341.98,13
acc_47,BNB,61713.41,4.1355,SELL,2024-09-27 01:45:00,2.07,OPEN,-17.15,25
acc_49,ETH,19525.36,0.2477,SELL,2024-10-12 12:49:00,1.543,CLOSE,159.36,1
acc_14,SOL,13657.38,3.6365,SELL,2024-11-09 11:01:00,3.725,CLOSE,10.68,27
acc_143,SOL,61599.17,3.8718,SELL,2024-07-01 06:09:00,-2.559,CLOSE,-22.95,13
acc_159,BTC,46063.47,1.7695,BUY,2024-06-05 15:56:00,-0.499,CLOSE,334.9,4
acc_1,ETH,21833.93,4.1257,BUY,2024-04-24 17:15:00,4.258,CLOSE,255.89,22
acc_117,SOL,51990.13,2.5831,SELL,2024-07-23 14:07:00,1.6,CLOSE,-16.6,26
acc_54,ETH,57076.78,2.3218,BUY,2024-06-06 17:39:00,-1.112,OPEN,-388.36,24
acc_118,BNB,43086.98,0.2366,BUY,2024-06-05 19:02:00,-3.686,CLOSE,-384.6,14
acc_3,SOL,48183.1,1.4572,SELL,2024-11-21 07:43:00,-2.375,OPEN,301.54,3
acc_144,SOL,26330.67,4.6557,BUY,2024-12-07 16:15:00,0.812,CLOSE,29.39,5
acc_185,ETH,37754.83,1.9652,SELL,2024-10-03 13:22:00,2.182,CLOSE,-18.41,7
acc_12,SOL,36738.73,2.738,SELL,2024-09-19 18:19:00,-3.756,OPEN,180.57,1
acc_74,ETH,59378.54,2.6648,SELL,2024-08-24 07:19:00,0.996,CLOSE,358.84,23
acc_16,SOL,58813.48,2.9563,SELL,2024-02-27 15:57:00,0.504,CLOSE,128.87,29
acc_102,BTC,58304.36,0.316,SELL,2024-01-21 12:32:00,0.14,OPEN,262.85,12
acc_152,ETH,871.11,1.8173,BUY,2024-08-27 20:03:00,1.901,CLOSE,265.27,11
acc_156,SOL,52493.23,3.6184,SELL,2024-09-10 01:13:00,3.374,OPEN,-143.74,24
acc_117,BNB,53131.48,1.0108,BUY,2024-01-17 07:26:00,-1.77,CLOSE,-225.92,8
acc_8,SOL,47518.68,1.0259,SELL,2024-11-18 05:45:00,3.89,CLOSE,301.16,25
acc_122,BNB,52962.9,0.0604,SELL,2024-02-01 15:30:00,-3.394,OPEN,-122.82,6
acc_92,BNB,58953.73,2.193,SELL,2024-04-09 06:30:00,-3.27,CLOSE,403.34,28
acc_164,BTC,32975.3,4.4148,BUY,2024-08-21 11:14:00,-2.332,OPEN,-430.31,22
acc_90,ETH,35193.31,0.269,SELL,2024-02-28 23:36:00,-3.805,OPEN,-441.78,2
acc_136,SOL,8817.51,0.9637,SELL,2024-01-20 05:47:00,-2.697,OPEN,427.0,19
acc_186,BTC,27037.77,1.5573,SELL,2024-04-24 23:33:00,-3.936,CLOSE,148.45,20
acc_60,SOL,45071.23,3.6613,SELL,2024-09-22 23:05:00,3.218,CLOSE,-120.4,20
acc_178,BNB,54649.94,3.2068,BUY,2024-05-23 15:19:00,-3.61,OPEN,255.06,24
acc_28,ETH,15282.92,2.0856,SELL,2024-08-14 17:26:00,2.473,CLOSE,172.33,14
acc_101,SOL,9733.82,3.7978,BUY,2024-07-20 06:09:00,-4.521,CLOSE,31.2,1
acc_41,SOL,46446.64,3.0521,SELL,2024-01-08 17:09:00,4.485,CLOSE,-401.13,10
acc_192,BNB,231.4,4.4812,BUY,2024-12-09 05:49:00,2.112,OPEN,312.18,16
acc_155,SOL,12568.24,4.092,BUY,2024-01-15 09:14:00,-4.932,CLOSE,366.02,4
acc_191,SOL,2132.09,1.2715,SELL,2024-12-02 01:01:00,2.639,OPEN,-327.83,27
acc_145,BNB,11765.27,1.3645,SELL,2024-07-09 22:12:00,0.141,CLOSE,350.51,28
acc_161,BTC,12774.22,0.6355,BUY,2024-11-30 10:19:00,2.794,CLOSE,377.85,29
acc_157,BNB,27198.38,1.6915,SELL,2024-02-09 20:16:00,0.225,OPEN,49.43,11
acc_141,BTC,28222.67,4.9977,SELL,2024-06-19 06:44:00,1.41,CLOSE,156.18,16
acc_46,ETH,61210.95,2.0347,SELL,2024-02-28 20:32:00,2.863,OPEN,-117.76,27
acc_35,BTC,35756.67,1.1102,BUY,2024-01-18 16:47:00,-0.949,CLOSE,-218.21,20
acc_134,BTC,50665.99,3.8148,SELL,2024-08-02 10:04:00,-4.973,OPEN,221.98,1
acc_82,ETH,7379.2,2.7169,SELL,2024-03-13 03:31:00,3.499,CLOSE,361.88,16
acc_115,BTC,15858.17,0.7565,SELL,2024-07-23 01:28:00,-1.191,CLOSE,154.08,19
acc_197,BNB,49235.75,1.9096,BUY,2024-02-09 00:22:00,-0.04,CLOSE,11.59,21
acc_47,BTC,3791.0,2.0782,SELL,2024-04-25 06:33:00,-4.922,OPEN,-341.08,22
acc_153,ETH,34113.18,3.7716,BUY,2024-09-28 09:36:00,-0.079,OPEN,-446.54,9
acc_194,BNB,41995.89,0.1132,SELL,2024-05-31 18:05:00,4.865,OPEN,-54.31,9
acc_10,ETH,42189.98,1.3524,BUY,2024-08-05 23:12:00,-2.217,CLOSE,-450.65,9
acc_56,ETH,1703.0,2.5928,SELL,2024-08-12 19:28:00,-1.046,OPEN,69.33,27
acc_30,SOL,22615.35,1.3515,SELL,2024-10-19 23:17:00,1.872,OPEN,-117.27,17
acc_109,SOL,44590.7,3.1459,BUY,2024-04-22 19:41:00,3.148,OPEN,257.19,12
acc_5,ETH,10515.08,2.4145,BUY,2024-08-26 15:27:00,-0.826,OPEN,-194.35,25
acc_119,ETH,48709.55,1.8149,BUY,2024-11-29 21:27:00,-1.903,OPEN,92.98,13
acc_33,ETH,52240.17,4.7466,SELL,2024-09-10 13:21:00,4.378,OPEN,37.68,8
acc_118,SOL,68739.65,3.1645,SELL,2024-06-19 02:15:00,1.771,OPEN,-495.29,16
acc_65,SOL,14767.96,0.6584,SELL,2024-08-06 23:58:00,-3.81,OPEN,-427.61,18
acc_146,BTC,57776.63,2.8049,SELL,2024-09-13 20:01:00,-4.311,OPEN,-209.63,29
acc_177,BTC,36468.73,3.9059,BUY,2024-07-31 14:17:00,-0.165,OPEN,382.24,27
acc_11,ETH,26205.04,3.5454,SELL,2024-01-06 18:57:00,-2.799,CLOSE,-352.99,1
acc_85,BNB,8654.14,0.8687,SELL,2024-03-08 15:06:00,-2.46,CLOSE,210.89,1
acc_26,BNB,51511.84,4.8624,SELL,2024-10-08 09:54:00,3.777,OPEN,473.37,12
acc_63,SOL,16586.45,2.2496,SELL,2024-04-04 16:05:00,-4.104,CLOSE,290.57,6
acc_86,SOL,26062.4,0.8035,SELL,2024-09-11 00:21:00,2.154,CLOSE,-257.05,9
acc_59,SOL,4471.7,0.9092,SELL,2024-05-09 05:00:00,-2.289,OPEN,408.37,23
acc_27,ETH,56115.55,0.5002,SELL,2024-06-30 05:02:00,2.603,OPEN,-406.89,5
acc_177,BNB,53684.54,4.0196,BUY,2024-01-24 14:26:00,2.224,OPEN,-31.86,27
acc_161,BTC,51379.75,0.6189,SELL,2024-03-03 22:12:00,-4.926,CLOSE,387.54,16
acc_98,ETH,21031.1,0.6344,SELL,2024-11-28 08:38:00,0.091,OPEN,141.27,18
acc_105,BTC,12226.26,4.2539,SELL,2024-11-05 01:49:00,-3.607,CLOSE,-86.36,17
acc_99,BTC,44664.97,1.7296,SELL,2024-08-14 11:37:00,3.662,OPEN,-207.19,18
acc_129,ETH,34782.03,0.164,BUY,2024-06-08 14:22:00,3.716,CLOSE,-124.9,1
acc_149,BTC,12559.85,0.269,BUY,2024-08-22 15:20:00,-0.817,CLOSE,8.94,19
acc_55,BNB,48045.2,0.7194,BUY,2024-08-02 19:05:00,-0.556,OPEN,-180.96,22
acc_6,BTC,69379.74,1.0748,BUY,2024-07-16 09:56:00,-1.967,OPEN,468.97,29
acc_197,BNB,52330.65,3.3291,BUY,2024-01-21 13:08:00,2.166,CLOSE,433.08,8
acc_95,BNB,51825.05,0.7951,BUY,2024-08-07 17:21:00,-1.413,CLOSE,370.67,3
acc_133,BNB,66526.86,0.6032,SELL,2024-09-23 23:40:00,-2.322,OPEN,-78.17,26
acc_102,SOL,14285.25,3.8259,BUY,2024-12-11 04:00:00,-0.678,OPEN,191.3,25
acc_3,BTC,39631.94,3.3586,BUY,2024-01-04 20:19:00,-4.085,CLOSE,402.83,26
acc_181,ETH,68577.31,2.1823,SELL,2024-09-10 12:46:00,2.466,OPEN,350.43,5
acc_23,ETH,11654.06,2.7511,BUY,2024-07-17 12:54:00,-4.874,CLOSE,-85.67,23
acc_53,BTC,49047.61,1.5668,SELL,2024-05-30 17:06:00,1.445,OPEN,-387.61,8
acc_165,SOL,41048.13,2.4177,SELL,2024-02-14 07:05:00,-3.171,OPEN,-424.37,19
acc_83,SOL,41094.89,2.5383,BUY,2024-05-22 01:02:00,-2.676,OPEN,77.06,18
acc_145,BNB,48867.18,1.9423,SELL,2024-05-03 01:08:00,1.356,CLOSE,142.63,18
acc_85,BTC,65080.22,4.5338,BUY,2024-04-15 03:34:00,4.929,OPEN,349.84,21
acc_78,BTC,54802.48,0.0901,BUY,2024-09-10 18:39:00,2.777,CLOSE,-207.48,1
acc_110,ETH,4023.91,3.913,SELL,2024-08-31 07:22:00,-2.742,OPEN,-332.53,15
acc_1,BTC,59705.69,0.6307,SELL,2024-07-23 12:30:00,-3.24,CLOSE,-120.99,18
acc_51,SOL,15865.34,3.9898,BUY,2024-11-21 22:12:00,3.662,CLOSE,-146.42,29
acc_173,BTC,26446.3,3.0834,SELL,2024-05-01 11:27:00,-0.558,OPEN,-367.53,25
acc_4,ETH,32375.12,4.218,SELL,2024-03-25 15:40:00,-3.629,CLOSE,172.28,7
acc_190,BNB,33715.33,0.4966,BUY,2024-08-15 17:51:00,3.622,CLOSE,8.69,16
acc_193,ETH,30519.11,2.7993,BUY,2024-03-10 00:47:00,3.161,CLOSE,221.12,16
acc_113,ETH,65621.0,2.5104,SELL,2024-04-19 09:05:00,4.839,CLOSE,-147.31,15
acc_32,BNB,49450.73,3.5339,BUY,2024-03-18 23:41:00,4.097,OPEN,-174.3,6
acc_34,ETH,44218.83,2.6761,BUY,2024-01-25 00:16:00,3.518,OPEN,-27.42,9
acc_92,ETH,3583.96,2.7083,BUY,2024-10-14 07:49:00,-4.474,OPEN,377.41,7
acc_95,BTC,63283.54,2.1537,BUY,2024-03-29 09:10:00,-3.956,CLOSE,-459.72,14
acc_72,BTC,63666.37,1.5511,BUY,2024-06-13 05:53:00,0.69,CLOSE,304.83,11
acc_39,BNB,54636.89,2.4165,BUY,2024-01-16 00:57:00,0.315,OPEN,-131.01,21
acc_154,BTC,591.34,0.6013,BUY,2024-08-30 19:49:00,-0.42,OPEN,354.62,16
acc_162,BTC,4103.89,4.808,SELL,2024-04-24 18:40:00,-1.032,CLOSE,302.2,25
acc_182,ETH,15843.14,3.5749,BUY,2024-09-15 14:08:00,-0.688,OPEN,-151.24,6
acc_118,SOL,9281.32,4.7628,SELL,2024-05-23 04:41:00,0.693,OPEN,193.88,22
acc_3,BTC,27978.64,1.1414,SELL,2024-03-08 23:17:00,-4.979,CLOSE,-340.37,27
acc_123,SOL,64591.35,4.3979,SELL,2024-06-27 04:27:00,-2.393,OPEN,396.28,16
acc_50,BTC,33097.02,4.0459,BUY,2024-02-15 07:32:00,0.183,CLOSE,-95.51,20
acc_12,BTC,1036.84,3.389,BUY,2024-06-01 23:09:00,2.222,OPEN,-44.37,29
acc_193,BNB,19863.92,3.1289,SELL,2024-04-20 04:12:00,-3.258,CLOSE,205.76,16
acc_54,BNB,3217.18,1.5896,BUY,2024-11-12 15:39:00,0.469,CLOSE,320.84,12
acc_133,BNB,2636.5,4.0839,SELL,2024-01-22 03:44:00,2.145,CLOSE,-263.66,17
acc_57,SOL,19372.82,2.5126,BUY,2024-08-28 23:28:00,-0.554,CLOSE,161.35,5
acc_145,ETH,19365.3,0.3637,BUY,2024-03-04 10:55:00,-4.729,CLOSE,-108.0,27
acc_112,BTC,55120.15,1.5712,SELL,2024-04-20 18:42:00,-0.507,OPEN,-131.3,25
acc_47,BTC,68240.94,4.6771,SELL,2024-05-24 06:37:00,-2.036,OPEN,190.03,13
acc_151,BTC,26047.38,4.2549,SELL,2024-11-11 06:47:00,4.296,OPEN,-112.82,8
acc_85,SOL,30079.19,4.9097,BUY,2024-03-25 05:29:00,-3.754,CLOSE,-153.89,24
acc_142,BNB,59150.78,3.1437,SELL,2024-02-01 16:54:00,1.525,OPEN,335.89,5
acc_66,ETH,18842.92,1.2451,BUY,2024-04-20 15:44:00,-4.473,CLOSE,-398.72,12
acc_75,SOL,11031.09,0.8224,BUY,2024-02-06 08:17:00,-0.538,CLOSE,175.89,9
acc_179,BNB,59730.96,0.9427,BUY,2024-02-14 15:38:00,0.54,OPEN,-251.27,3
acc_103,SOL,3350.39,0.1088,SELL,2024-07-18 06:05:00,-2.02,CLOSE,-484.5,3
acc_166,ETH,43416.99,1.9595,SELL,2024-01-22 03:30:00,-0.449,OPEN,-333.24,1
acc_192,BNB,39383.3,0.9652,SELL,2024-01-11 17:45:00,-3.364,CLOSE,106.66,25
acc_38,SOL,24279.84,2.0642,BUY,2024-09-05 01:27:00,-1.959,CLOSE,209.13,22
acc_50,ETH,22131.75,4.6756,BUY,2024-05-05 13:43:00,1.211,OPEN,-478.94,18
acc_98,BTC,54052.86,2.1584,SELL,2024-02-13 12:47:00,-1.982,CLOSE,-463.57,24
acc_82,ETH,6141.08,4.3911,BUY,2024-03-29 01:26:00,3.997,OPEN,402.54,12
acc_30,BTC,16651.22,3.0315,BUY,2024-08-10 22:43:00,1.284,CLOSE,-426.69,9
acc_79,SOL,51298.17,1.2432,SELL,2024-04-05 16:08:00,-0.614,OPEN,394.18,9
acc_91,BNB,38427.61,1.7857,SELL,2024-06-20 17:00:00,-4.612,CLOSE,-271.83,18
acc_179,BNB,9046.38,0.4288,SELL,2024-02-12 06:07:00,-0.005,OPEN,240.02,18
acc_191,SOL,61761.28,1.674,BUY,2024-07-23 04:46:00,2.648,OPEN,-190.27,29
acc_52,BNB,27602.0,3.3909,BUY,2024-04-19 17:58:00,-2.344,CLOSE,358.75,7
acc_166,BNB,57968.0,0.3698,BUY,2024-08-05 16:44:00,3.068,OPEN,200.45,27
acc_79,BTC,55161.14,1.035,BUY,2024-10-07 16:37:00,-2.482,CLOSE,-98.19,4
acc_30,SOL,43747.34,1.9134,BUY,2024-07-31 09:03:00,3.237,CLOSE,-423.7,13
acc_106,ETH,34664.23,4.9104,SELL,2024-04-12 16:33:00,-4.147,OPEN,232.7,17
acc_51,BTC,68570.6,3.9265,BUY,2024-03-29 19:11:00,3.662,OPEN,116.88,24
acc_81,SOL,10233.06,3.6701,BUY,2024-04-23 16:30:00,-0.008,OPEN,-497.09,2
acc_133,BTC,50788.39,0.5898,BUY,2024-02-27 03:50:00,-2.035,OPEN,-490.58,14
acc_29,ETH,13464.23,3.9072,SELL,2024-03-03 21:45:00,-2.349,OPEN,308.79,3
acc_132,ETH,23744.59,3.9285,SELL,2024-10-01 13:05:00,-0.68,CLOSE,-240.6,5
acc_138,SOL,21678.04,3.0095,SELL,2024-05-13 14:06:00,4.99,OPEN,136.13,14
acc_184,ETH,66297.82,4.9519,BUY,2024-05-31 09:17:00,-2.797,CLOSE,-45.79,3
acc_145,BTC,67718.2,1.633,SELL,2024-07-25 06:24:00,-3.968,OPEN,363.43,23
acc_74,ETH,12892.78,4.7069,SELL,2024-07-23 17:46:00,0.85,OPEN,416.96,7
acc_17,BTC,1640.26,4.5745,SELL,2024-01-24 09:28:00,-0.115,OPEN,496.81,18
acc_84,BTC,50428.56,0.0673,BUY,2024-10-15 17:30:00,0.242,CLOSE,-346.32,13
acc_69,ETH,29317.5,2.2561,SELL,2024-03-02 13:43:00,1.669,OPEN,362.96,29
acc_34,SOL,6309.93,4.8858,BUY,2024-09-08 01:35:00,-2.329,CLOSE,-233.98,23
acc_6,BNB,47894.41,0.5246,BUY,2024-09-25 06:55:00,4.107,CLOSE,90.82,27
acc_53,ETH,38202.88,2.7434,SELL,2024-09-05 05:29:00,-0.643,CLOSE,5.77,22
acc_194,BTC,68638.13,4.895,BUY,2024-07-20 00:48:00,-3.709,OPEN,-482.01,10
acc_126,BTC,15995.92,2.7819,SELL,2024-01-06 01:44:00,2.423,CLOSE,432.77,25
acc_43,ETH,28338.05,0.9572,BUY,2024-05-05 03:07:00,1.431,OPEN,-421.67,13
acc_115,SOL,38023.95,2.9151,SELL,2024-07-29 00:19:00,-1.843,CLOSE,188.22,16
acc_111,SOL,55439.83,1.0302,SELL,2024-05-14 12:45:00,1.215,OPEN,285.01,9
acc_151,BTC,38463.82,2.6033,SELL,2024-10-26 19:39:00,-2.801,CLOSE,295.29,2
acc_183,BTC,42941.72,0.3795,BUY,2024-04-17 05:21:00,-0.552,OPEN,-364.51,23
acc_80,SOL,15907.68,3.0314,SELL,2024-04-11 22:07:00,3.994,OPEN,-52.43,5
acc_95,BNB,59299.62,2.5888,BUY,2024-04-02 08:38:00,-3.665,OPEN,329.43,29
acc_118,ETH,30061.28,3.7034,SELL,2024-04-25 13:10:00,-1.133,CLOSE,-197.32,22
acc_144,BTC,9953.08,3.1572,BUY,2024-07-12 13:02:00,3.211,CLOSE,-32.25,17
acc_8,BTC,46526.74,2.7525,BUY,2024-09-02 11:47:00,4.695,OPEN,-227.21,23
acc_132,SOL,15204.72,3.452,SELL,2024-08-18 01:23:00,-0.461,CLOSE,-36.45,22
acc_104,ETH,6919.62,0.7283,SELL,2024-10-07 10:58:00,0.07,CLOSE,387.84,4
acc_132,SOL,60352.88,2.9808,SELL,2024-11-03 14:36:00,0.722,CLOSE,-44.88,17
acc_184,ETH,32265.34,0.8688,SELL,2024-10-10 08:39:00,4.323,CLOSE,55.91,9
acc_25,ETH,52474.93,4.6284,SELL,2024-01-07 13:52:00,3.582,CLOSE,-96.02,20
acc_195,ETH,20412.07,0.351,BUY,2024-09-12 12:38:00,-3.294,CLOSE,-39.88,2
acc_96,BTC,55109.21,2.1576,SELL,2024-03-13 08:39:00,-0.632,CLOSE,-484.83,24
acc_195,BNB,7924.32,3.482,SELL,2024-02-16 03:44:00,-0.36,OPEN,-216.25,18
acc_155,SOL,24982.54,2.2955,BUY,2024-08-09 16:44:00,2.891,OPEN,-63.42,21
acc_93,BNB,68466.52,0.4696,SELL,2024-04-21 00:31:00,1.029,CLOSE,133.8,27
acc_160,SOL,55599.88,2.7714,SELL,2024-01-20 19:58:00,1.542,OPEN,-49.95,22
acc_178,ETH,34858.19,3.2117,BUY,2024-02-17 18:54:00,4.982,OPEN,-162.18,11
acc_61,BTC,23850.45,3.5219,SELL,2024-01-01 07:44:00,-4.25,OPEN,-111.9,13
acc_122,BNB,61062.29,1.8726,SELL,2024-11-09 14:51:00,-2.77,CLOSE,-257.71,8
acc_51,BTC,38184.86,2.8227,SELL,2024-01-09 13:08:00,-0.921,CLOSE,424.49,27
acc_147,SOL,53113.91,2.2589,BUY,2024-03-13 17:27:00,-1.522,CLOSE,21.74,1
acc_21,BTC,52812.13,3.3636,SELL,2024-05-24 12:51:00,-4.784,CLOSE,-486.59,17
acc_5,BTC,1354.4,2.9219,BUY,2024-05-03 19:25:00,-4.082,CLOSE,-480.55,12
acc_92,BNB,8925.14,2.6335,SELL,2024-11-12 13:42:00,1.81,OPEN,472.96,4
acc_170,ETH,46208.09,1.2551,BUY,2024-01-14 23:44:00,3.793,CLOSE,-278.55,21
acc_61,BTC,11397.22,0.0201,SELL,2024-06-26 20:27:00,0.142,OPEN,305.61,13
acc_22,ETH,17958.98,0.8787,BUY,2024-08-24 06:39:00,0.392,CLOSE,-441.72,29
acc_149,SOL,66269.99,0.5942,BUY,2024-11-19 12:08:00,-2.449,OPEN,421.16,9
acc_70,BTC,39256.74,2.2509,BUY,2024-08-03 09:45:00,2.679,CLOSE,374.42,27
acc_1,BNB,52575.99,3.0652,BUY,2024-10-06 01:57:00,2.518,CLOSE,71.09,7
acc_133,SOL,39102.85,1.0733,BUY,2024-01-30 01:42:00,0.884,CLOSE,-491.0,23
acc_12,SOL,38720.7,4.6959,BUY,2024-05-14 00:09:00,-2.873,CLOSE,-242.19,24
acc_90,BNB,6681.22,0.0433,SELL,2024-05-09 20:13:00,-4.03,CLOSE,-93.18,5
acc_46,BTC,24122.06,3.8638,SELL,2024-11-03 17:44:00,-4.358,CLOSE,-39.94,5
acc_34,BTC,19841.92,3.1298,BUY,2024-02-22 13:25:00,0.927,OPEN,-202.32,17
acc_177,SOL,27411.91,1.874,BUY,2024-02-22 17:43:00,3.25,CLOSE,-467.05,9
acc_78,BTC,55904.26,0.2619,BUY,2024-04-24 01:59:00,3.583,OPEN,90.13,6
acc_45,ETH,26098.09,3.1412,BUY,2024-01-19 21:53:00,-0.364,CLOSE,24.15,25
acc_155,BNB,31673.61,1.9342,SELL,2024-03-04 08:29:00,2.843,OPEN,-217.0,19
acc_73,ETH,27876.96,4.682,BUY,2024-12-01 03:24:00,4.469,OPEN,-462.02,16
acc_26,BTC,6629.22,2.7145,SELL,2024-05-28 16:11:00,-2.248,OPEN,494.59,21
acc_47,SOL,30930.94,4.6989,SELL,2024-08-07 10:49:00,-1.02,OPEN,-18.01,2
acc_121,BNB,13773.09,1.1102,BUY,2024-09-09 02:55:00,4.315,OPEN,256.0,10
acc_56,BTC,13151.96,3.6314,BUY,2024-05-07 10:00:00,-1.618,OPEN,-47.69,16
acc_94,BTC,6673.12,3.0901,SELL,2024-02-21 02:53:00,4.139,CLOSE,-456.83,5
acc_107,SOL,25031.3,3.6996,SELL,2024-03-12 17:30:00,4.81,OPEN,-190.4,15
acc_63,SOL,53047.98,1.0812,BUY,2024-04-18 18:33:00,1.618,CLOSE,-179.89,13
acc_48,ETH,19423.27,3.3283,BUY,2024-08-08 20:34:00,3.169,CLOSE,338.35,13
acc_61,BNB,21933.2,2.4952,BUY,2024-05-18 07:00:00,2.495,OPEN,154.23,13
acc_81,BNB,45022.96,3.7167,SELL,2024-01-03 08:47:00,1.995,OPEN,-224.57,15
acc_26,SOL,13789.27,1.642,SELL,2024-06-30 17:43:00,-1.931,CLOSE,467.74,14
acc_36,ETH,62797.36,4.4514,BUY,2024-11-15 23:16:00,-4.429,OPEN,-178.46,8
acc_1,BNB,36461.32,0.4307,SELL,2024-10-08 23:18:00,-1.569,OPEN,498.23,11
acc_8,SOL,31387.45,4.0379,SELL,2024-10-13 12:45:00,1.669,OPEN,496.16,18
acc_113,BTC,39091.63,4.308,BUY,2024-10-03 01:29:00,-3.975,OPEN,-308.79,24
acc_99,BNB,11705.8,4.0881,BUY,2024-04-22 09:45:00,-4.881,OPEN,-187.26,4
acc_180,ETH,42981.77,2.5685,SELL,2024-09-22 16:36:00,-3.603,OPEN,-13.96,26
acc_47,ETH,25480.74,2.1975,SELL,2024-02-19 17:00:00,2.157,OPEN,164.1,10
acc_127,ETH,62813.33,4.9813,BUY,2024-08-16 08:58:00,4.728,CLOSE,28.05,1
acc_56,BTC,11902.91,1.1536,BUY,2024-08-10 18:24:00,4.831,OPEN,469.44,29
acc_14,BNB,35542.87,2.7389,BUY,2024-01-09 21:04:00,-0.06,CLOSE,223.99,5
acc_28,BNB,41908.07,3.3567,BUY,2024-09-30 14:25:00,3.694,CLOSE,-287.96,13
acc_78,BTC,2433.51,3.5073,BUY,2024-11-09 15:04:00,2.368,CLOSE,-394.9,1
acc_130,BNB,25522.15,1.0281,SELL,2024-04-02 20:27:00,0.01,CLOSE,188.4,23
acc_109,BTC,51311.2,3.2734,SELL,2024-10-09 01:55:00,0.728,OPEN,-341.55,8
acc_154,BTC,57444.39,4.0937,SELL,2024-01-29 14:42:00,-3.628,CLOSE,287.68,3
acc_14,BTC,21990.02,0.2596,SELL,2024-07-27 07:43:00,4.377,CLOSE,-188.96,3
acc_187,ETH,55921.67,4.5585,BUY,2024-06-17 15:03:00,-1.481,CLOSE,-173.11,7
acc_56,BNB,67746.14,0.1572,BUY,2024-07-08 13:21:00,-0.539,CLOSE,-489.2,4
acc_115,BTC,59995.49,1.7863,BUY,2024-11-17 14:22:00,1.717,CLOSE,201.01,3
acc_7,BNB,8323.31,0.0889,SELL,2024-10-29 12:57:00,-1.661,OPEN,-386.73,15
acc_3,ETH,51807.15,0.395,SELL,2024-09-29 14:21:00,-2.457,OPEN,272.88,8
acc_111,BTC,22444.71,4.5567,SELL,2024-04-05 00:49:00,1.31,CLOSE,-8.13,3
acc_151,SOL,69190.28,1.7808,BUY,2024-11-12 14:29:00,-4.75,OPEN,284.28,29
acc_107,ETH,34026.59,2.1296,SELL,2024-02-03 20:33:00,2.207,OPEN,83.93,7
acc_18,SOL,8658.13,1.0846,BUY,2024-10-23 07:04:00,0.14,CLOSE,-417.57,18
acc_38,BNB,50790.47,2.9895,BUY,2024-04-23 22:40:00,1.058,CLOSE,265.65,11
acc_115,BNB,22678.48,2.9781,BUY,2024-01-19 16:06:00,1.319,CLOSE,-430.2,11
acc_15,ETH,69795.76,1.8673,BUY,2024-08-20 09:58:00,0.271,OPEN,-21.3,17
acc_192,BNB,68586.79,1.6718,BUY,2024-03-21 07:19:00,0.825,CLOSE,-327.65,28
acc_119,SOL,45963.77,4.426,BUY,2024-03-25 13:45:00,1.838,OPEN,252.34,6
acc_28,BTC,9174.87,1.9226,SELL,2024-04-16 06:23:00,2.531,OPEN,411.59,8
acc_39,BTC,48111.58,2.4726,BUY,2024-01-23 02:42:00,2.275,OPEN,54.13,1
acc_185,BTC,6602.83,1.4237,BUY,2024-03-02 12:03:00,3.696,CLOSE,27.15,29
acc_17,ETH,2152.55,3.936,SELL,2024-01-02 18:49:00,-3.106,OPEN,263.96,10
acc_86,BNB,57624.8,1.9933,BUY,2024-06-03 15:44:00,-0.989,CLOSE,-494.92,28
acc_126,SOL,14761.73,2.5729,SELL,2024-01-30 06:07:00,4.478,CLOSE,417.76,25
acc_44,BNB,26594.0,1.2743,SELL,2024-08-25 00:46:00,-1.034,CLOSE,-302.55,19
acc_25,BNB,68144.67,4.9384,SELL,2024-03-22 19:31:00,-3.751,CLOSE,484.12,3
acc_145,BNB,23645.15,1.4646,BUY,2024-11-23 15:07:00,0.254,CLOSE,236.25,4
acc_13,BTC,20824.64,3.856,BUY,2024-10-29 12:25:00,-3.905,OPEN,274.25,11
acc_25,SOL,64282.74,2.1432,SELL,2024-04-10 12:00:00,-2.971,OPEN,156.2,15
acc_68,SOL,7841.32,1.039,BUY,2024-09-28 22:47:00,4.983,OPEN,-28.34,1
acc_138,BNB,53194.81,4.0006,BUY,2024-10-05 21:42:00,0.414,OPEN,71.63,9
acc_67,BTC,69165.78,1.6747,SELL,2024-12-08 13:21:00,-2.159,OPEN,-453.6,11
acc_109,BTC,63100.59,4.3273,SELL,2024-07-26 13:59:00,4.948,CLOSE,123.96,19
acc_146,SOL,45651.59,4.5771,BUY,2024-01-29 11:02:00,4.666,CLOSE,126.1,13
acc_111,BTC,22052.85,4.3005,SELL,2024-08-12 14:18:00,-0.593,OPEN,391.2,26
acc_111,BTC,17877.11,0.1847,SELL,2024-08-05 00:09:00,-2.396,OPEN,5.66,16
acc_34,BTC,57365.93,3.939,SELL,2024-08-09 15:35:00,3.384,OPEN,-422.86,4
acc_111,ETH,61599.55,2.0626,BUY,2024-04-16 15:32:00,2.156,CLOSE,-193.8,1
acc_8,BNB,36827.9,4.3699,BUY,2024-10-25 11:59:00,1.869,CLOSE,155.63,20
acc_168,SOL,17179.36,3.1934,BUY,2024-11-29 03:36:00,3.931,CLOSE,-260.74,13
acc_113,SOL,7994.73,4.1699,SELL,2024-03-16 14:16:00,1.894,OPEN,-219.47,1
acc_83,ETH,6193.84,2.5022,BUY,2024-01-31 14:36:00,-2.162,OPEN,320.47,5
acc_42,BNB,50363.51,2.6798,SELL,2024-03-08 13:07:00,1.939,OPEN,84.32,5
acc_169,SOL,29466.3,0.7305,BUY,2024-10-11 21:56:00,-1.942,OPEN,8.53,14
